σ_p, LX, R_eff, 643310.8854268194, 809880.421347629, 1019579.0429490976, 1283573.9665013955, 1615923.8843460418, 2034327.6415283708, 2561066.7638353617, 3224192.030293788, 4059017.2794410787, 5110000.0, 6433108.854268196, 8098804.213476294, 10195790.429490982, 12835739.665013958, 16159238.843460428, 20343276.415283713, 25610667.638353627, 32241920.302937895, 40590172.794410795, 51100000.0, 64331088.54268196, 80988042.13476294, 101957904.2949098, 128357396.65013966, 161592388.43460435, 203432764.15283713, 256106676.38353622, 322419203.02937895, 405901727.9441082, 511000000.00000054, 643310885.4268196, 809880421.3476293, 1019579042.9490981, 1283573966.5013964, 1615923884.3460436, 2034327641.5283713, 2561066763.8353624, 3224192030.2937894, 4059017279.441082, 5110000000.0, 6433108854.268189, 8098804213.476293, 10195790429.49097, 12835739665.013937, 16159238843.460419, 20343276415.28369, 25610667638.353626, 32241920302.937862, 40590172794.41081, 51100000000.0, 64331088542.68189, 80988042134.76292, 101957904294.90971, 128357396650.13965, 161592388434.60416, 203432764152.8369, 256106676383.53622, 322419203029.3786, 405901727944.1082, 511000000000.0, 643310885426.8188, 809880421347.6293, 1019579042949.097, 1283573966501.3965, 1615923884346.042, 2034327641528.3694, 2561066763835.3623, 3224192030293.7866, 4059017279441.082, 5110000000000.0, 6433108854268.189, 8098804213476.294, 10195790429490.97, 12835739665013.965, 16159238843460.418, 20343276415283.69, 25610667638353.625, 32241920302937.86, 40590172794410.82, 51100000000000.0, 64331088542681.89, 80988042134762.77, 101957904294909.9, 128357396650139.64, 161592388434604.2, 203432764152836.9, 256106676383535.72, 322419203029379.3, 405901727944108.2, 511000000000000.0, 643310885426818.9, 809880421347627.6, 1019579042949099.1, 1283573966501396.5, 1615923884346041.8, 2034327641528369.2, 2561066763835368.0, 3224192030293793.0, 4059017279441082.0, 5110000000000000.0, 6433108854268189.0, 8098804213476310.0, 1.019579042949099e+16, 1.2835739665013964e+16, 1.6159238843460418e+16, 2.0343276415283692e+16, 2.5610667638353676e+16, 3.2241920302937924e+16, 4.0590172794410824e+16, 5.11e+16, 6.433108854268189e+16, 8.098804213476309e+16, 1.019579042949099e+17, 1.2835739665013965e+17, 1.615923884346042e+17, 2.0343276415283693e+17, 2.5610667638353677e+17, 3.224192030293793e+17, 4.0590172794410816e+17, 5.11e+17, 
3, 42.0, 12.40612417186194, 3.942723235997242e+22, 1.4315162830227538e+22, 2.097955597877239e+28, 6.134741850142454e+28, 9.74532421953053e+28, 1.468237433142546e+29, 2.196829199080448e+29, 3.449818861709802e+29, 5.149870310820562e+29, 7.723182409941494e+29, 1.1292661033982106e+30, 1.613601512697075e+30, 2.2428296683031502e+30, 3.053488525588184e+30, 3.713609997954676e+30, 4.4136337544015063e+30, 2.4422847200363375e+30, 3.3712913972182264e+30, 4.558230600711666e+30, 7.092450155637908e+30, 1.332896084982925e+31, 1.0275342158157355e+30, 1.5878018087668882e+30, 2.3216475623400302e+30, 4.5060529664934666e+30, 6.453514532097605e+30, 1.0538924477406368e+31, 1.7092134132760865e+31, 2.671752917732808e+31, 4.176344275073138e+31, 6.471370909865259e+31, 1.0303773238672536e+32, 1.7084264726245393e+32, 2.566825188075517e+32, 4.1067313386136756e+32, 6.746776015169333e+32, 1.0403902949938943e+33, 1.61323000999063e+33, 2.5917690080723215e+33, 4.12378763746912e+33, 6.455000679826019e+33, 1.008779602759751e+34, 1.6036009037688933e+34, 2.5515042281159735e+34, 4.0429306553066076e+34, 6.362038491511271e+34, 1.0011434085406418e+35, 1.576145449038202e+35, 2.4768305305068264e+35, 3.889522537745666e+35, 6.057540024101307e+35, 9.321725121648998e+35, 1.407007110938604e+36, 2.0464271658930472e+36, 2.901992544385068e+36, 3.9764570167937466e+36, 5.2758968056939226e+36, 6.735910256174036e+36, 8.313737202819854e+36, 9.979212997129032e+36, 1.1619736838262568e+37, 1.3121886965546515e+37, 1.4588018061400835e+37, 1.5932953635018847e+37, 1.7048897209470233e+37, 1.803002348203051e+37, 1.8884100034216132e+37, 1.9507260893601921e+37, 2.0035320417749298e+37, 2.0553997167442463e+37, 2.0686941786694625e+37, 2.0801578513001438e+37, 2.0820746300576727e+37, 2.0729856337218281e+37, 2.049728276439412e+37, 2.0150985584780956e+37, 1.9760425516074259e+37, 1.9270646834656192e+37, 1.8715278420467758e+37, 1.7976133815586898e+37, 1.7139426751753547e+37, 1.6311589836386755e+37, 1.5416872912013492e+37, 1.4447619401064865e+37, 1.3375077043667116e+37, 1.179767131100795e+37, 9.460112309687952e+36, 7.058237900755685e+36, 5.314914620386155e+36, 3.9002845471010974e+36, 2.6539717292399682e+36, 1.7072467409378402e+36, 1.1407652739397813e+36, 8.595997734133688e+35, 1.1027988189957968e+36, 6.864300577116096e+35, 6.671082205363455e+35, 2.541536155807809e+35, 1.7048897209470232e+35, 1.1277070418303418e+35, 6.923031255667307e+34, 3.8618579248974737e+34, 2.2609777698497064e+34, 1.7446017040565783e+34, 1.3489513662755168e+34, 1.0083151495371788e+34, 7.217657877838475e+33, 4.9830620181289515e+33, 3.2983466128223045e+33, 2.0648870107750053e+33, 1.2041935379873634e+33, 6.462436553608037e+32, 3.084581803954385e+32, 1.2618167621632113e+32, 3.897591256320887e+31, 8.087164783254276e+30, 6.946983899457693e+29, 9.567452006586912e+27, 7.108799941802281e+25, 7.291154353645391e+25, 7.409626081410605e+25, 7.47818650741275e+25, 7.47818650741275e+25, 7.426707033596491e+25, 7.307962200293279e+25, 7.092450155637907e+25, 6.804501158314276e+25, 6.4238633262067505e+25, 5.967553103314429e+25, 4.861791078392136e+18, 
3, 42.0, 13.40612417186194, 3.942723235997242e+23, 8.990757673298157e+20, 2.1468232614239574e+27, 6.277638344702239e+27, 9.949386277251415e+27, 1.5024370763390488e+28, 2.2479999246567628e+28, 3.5301754658256065e+28, 5.269826200217388e+28, 7.903078438199114e+28, 1.1555700900275818e+29, 1.6511871202765406e+29, 2.295071882453981e+29, 3.117426998821328e+29, 3.800111086970764e+29, 4.516440491372855e+29, 2.4934249011410563e+29, 3.43396838382741e+29, 4.642974434649638e+29, 7.22430864873584e+29, 1.3576764733346588e+30, 9.655978550047998e+28, 1.4886626504280247e+29, 2.171682303183697e+29, 4.273623830034186e+29, 6.0784981987917094e+29, 9.972321981349496e+29, 1.6173212483466988e+30, 2.5339397965558397e+30, 3.960922019580367e+30, 6.134741850142455e+30, 9.767789512002857e+30, 1.628531983667225e+31, 2.4422847200363377e+31, 3.915581720150977e+31, 6.468391419533267e+31, 9.972321981349497e+31, 1.551659027027964e+32, 2.4991728391675464e+32, 3.988377819367919e+32, 6.260316530926892e+32, 9.810616341885156e+32, 1.564574660897465e+33, 2.4974470678591829e+33, 3.9691388546196996e+33, 6.264642498347564e+33, 9.885446552179428e+33, 1.5602575484061847e+34, 2.457515650824018e+34, 3.867196966020694e+34, 6.033874769580281e+34, 9.300285748805497e+34, 1.4050646009263214e+35, 2.0454849683214883e+35, 2.903329269108219e+35, 3.98103771847653e+35, 5.285624323387758e+35, 6.752992888056936e+35, 8.340580768580412e+35, 1.001835212820403e+36, 1.167874813066764e+36, 1.3200679664605184e+36, 1.4695903527400168e+36, 1.6072975856340136e+36, 1.7234404916909897e+36, 1.8268222492958883e+36, 1.918652360682325e+36, 1.9883658352484034e+36, 2.0502002981582358e+36, 2.1129844079776204e+36, 2.1384361738122953e+36, 2.1646928982089118e+36, 2.1837166846975288e+36, 2.1943014613596195e+36, 2.1932911808362716e+36, 2.1832139232337487e+36, 2.171682303183697e+36, 2.1512767933315587e+36, 2.1242043425549572e+36, 2.0768077335796822e+36, 2.0141707849419123e+36, 1.9471360266941575e+36, 1.863787060756247e+36, 1.768057123413433e+36, 1.673386620742847e+36, 1.5577447359971976e+36, 1.446759331921903e+36, 1.3237204928739755e+36, 1.2044708457213376e+36, 1.0799317070312802e+36, 9.574063251477607e+35, 8.384869202611042e+35, 7.31638064782263e+35, 6.338642998078209e+35, 5.416219947793919e+35, 4.430944316875747e+35, 3.2763952854940722e+35, 2.2039223664047878e+35, 1.4821641084546882e+35, 9.671554698155456e+34, 5.806257500278233e+34, 3.1549776885855924e+34, 1.674928576765929e+34, 1.1178828470820832e+34, 1.0964688353299956e+34, 7.603197859107496e+33, 5.870786573672349e+33, 2.695853528419705e+33, 1.7745829001187367e+33, 1.1627766241049231e+33, 7.103891052435263e+32, 4.090687393053087e+32, 2.419893719135495e+32, 1.674157421230145e+32, 1.1370938020725345e+32, 7.341694221172253e+31, 4.454472604715207e+31, 2.4991728391675466e+31, 1.2296918433716934e+31, 5.281974404238057e+30, 1.705282331511911e+30, 3.951812151731478e+29, 4.5268519619701475e+28, 1.1743465935110012e+27, 5.885675205213886e+24, 5.872138527880697e+24, 5.738472336053704e+24, 5.492831698360057e+24, 5.149870310820563e+24, 4.8617910783921365e+19, 
3, 42.0, 14.40612417186194, 3.9427232359972427e+24, 5.594951063980258e+20, 2.1517722001527013e+26, 6.292109795653722e+26, 9.995310557705966e+26, 1.5059005514970784e+27, 2.2531820996822036e+27, 3.538313360731091e+27, 5.281974404238058e+27, 7.921296915547501e+27, 1.158233954200794e+28, 1.6549934996999377e+28, 2.300362569548928e+28, 3.1246134102440798e+28, 3.808871247748693e+28, 4.526851961970148e+28, 2.4991728391675464e+28, 3.441884498504122e+28, 4.653677596111102e+28, 7.240962400119397e+28, 1.3608062408384568e+29, 9.611613358547943e+27, 1.4818228668449362e+28, 2.1567325473634654e+28, 4.2539883121386036e+28, 6.050570036438757e+28, 9.926503323808988e+28, 1.6098903322020424e+29, 2.5222974007343053e+29, 3.942723235997243e+29, 6.10655527168492e+29, 9.745324219530531e+29, 1.6210495588725888e+30, 2.4310634410390238e+30, 3.9065761320970584e+30, 6.438671860553539e+30, 9.949386277251415e+30, 1.5445298013860327e+31, 2.4934249011410563e+31, 3.9792048049318175e+31, 6.248795216490272e+31, 9.790306592322823e+31, 1.562414613574235e+32, 2.4934249011410564e+32, 3.9609220195803676e+32, 6.26320017716434e+32, 9.880895183877388e+32, 1.5588211596803e+33, 2.4592138289574513e+33, 3.8707604268373977e+33, 6.033874769580269e+33, 9.300285748805498e+33, 1.4053881662572053e+34, 2.045956012870014e+34, 2.9039978623494214e+34, 3.9828714763035125e+34, 5.286841523495139e+34, 6.754548001164804e+34, 8.344422632523302e+34, 1.0025274951467231e+35, 1.168412763151853e+35, 1.3209801521284081e+35, 1.4709445189965059e+35, 1.6091491209892695e+35, 1.7254258185100966e+35, 1.8293478417188796e+35, 1.922189906141276e+35, 1.992490651133522e+35, 2.0553997167442464e+35, 2.1193188081392245e+35, 2.1458348403859645e+35, 2.174183984639996e+35, 2.195312207241487e+35, 2.2084943489974117e+35, 2.2100204498830855e+35, 2.2029076563109525e+35, 2.195312207241487e+35, 2.1791959963497453e+35, 2.1567325473634653e+35, 2.1144445101408443e+35, 2.0572936819127143e+35, 1.9957047561901856e+35, 1.9177689920362132e+35, 1.8264016563524257e+35, 1.7365859873386247e+35, 1.6240383944861851e+35, 1.5149429986144703e+35, 1.3918623661818284e+35, 1.2696858871729048e+35, 1.1389280585781066e+35, 1.0066912465972346e+35, 8.741707933981805e+34, 7.49887807363286e+34, 6.337183639611782e+34, 5.285624323387759e+34, 4.329086786592791e+34, 3.513146757809973e+34, 2.7976687534963183e+34, 2.1922813654571863e+34, 1.695494137039705e+34, 1.3028556249702438e+34, 9.935650182878247e+33, 7.570007196061869e+33, 5.8694349307271e+33, 4.5320666941581984e+33, 3.426070475709241e+33, 2.3757256810882477e+33, 1.5128514726229046e+33, 9.678237879480978e+32, 6.191505917591686e+32, 3.679563416846662e+32, 1.9897398242122393e+32, 1.0322770982598136e+32, 6.513228166857327e+31, 5.672784586409113e+31, 3.6207312665294876e+31, 2.2069693019408524e+31, 9.589507261260964e+30, 5.0558745844677854e+30, 2.598940233342603e+30, 1.2212267042647499e+30, 5.2456135481974144e+29, 1.8526624204559976e+29, 4.506052966493467e+28, 5.96755310331443e+27, 1.4682374331425522e+26, 2.916058903438245e+23, 3.0394590201912135e+23, 3.081742107051925e+23, 4.861791078392137e+20, 
3, 43.0, 12.40612417186194, 3.9427232359972424e+18, 5.967553103314428e+24, 2.0691705679514807e+30, 6.064518040879747e+30, 9.611613358547943e+30, 1.4514306582242276e+31, 2.171682303183697e+31, 3.4103291117490966e+31, 5.0944381308539325e+31, 7.641810999690866e+31, 1.1176254746763736e+32, 1.5966006154371975e+32, 2.2238029004857426e+32, 3.027584633718673e+32, 3.6905941783678016e+32, 4.396390819853005e+32, 2.4951478930752302e+32, 3.448230527168519e+32, 4.697819133048847e+32, 7.326495586774673e+32, 1.367087437055695e+33, 1.8560782959250246e+32, 2.9127035983970225e+32, 4.353076429055664e+32, 7.888533829910708e+32, 1.164920511789146e+33, 1.89450734050036e+33, 3.0303744267667795e+33, 4.746749270710561e+33, 7.442113554168937e+33, 1.158233954200794e+34, 1.8360998382314956e+34, 2.985357132219641e+34, 4.523726003208607e+34, 7.143257277887471e+34, 1.1478794800721859e+35, 1.761149777912319e+35, 2.7033127475429242e+35, 4.262813105973809e+35, 6.655739142056628e+35, 1.0251709526992159e+36, 1.574331888700099e+36, 2.4501704191977282e+36, 3.8097483737433046e+36, 5.904678994431911e+36, 9.088585399257619e+36, 1.4002200507768539e+37, 2.1582228801108394e+37, 3.323504662231196e+37, 5.125028588733301e+37, 7.850481460967191e+37, 1.1920549962779446e+38, 1.777445496171318e+38, 2.5609216539642865e+38, 3.602436152267344e+38, 4.90225944961593e+38, 6.459461176751895e+38, 8.18834801314586e+38, 1.0032202558499382e+39, 1.194527884967449e+39, 1.3778320804738436e+39, 1.5384957197753966e+39, 1.6880927020591686e+39, 1.814664287179686e+39, 1.9063221424123515e+39, 1.9728601127533802e+39, 2.0160267593681776e+39, 2.0234677748700737e+39, 2.0118532194837444e+39, 1.9883658352484033e+39, 1.9195361362284143e+39, 1.8416041813151956e+39, 1.751040908429334e+39, 1.6458728920140333e+39, 1.531779638729174e+39, 1.4125254855593576e+39, 1.2980645583555277e+39, 1.1868512522157084e+39, 1.0786891051426494e+39, 9.624901470120061e+38, 8.216678462041354e+38, 6.3488679215933675e+38, 4.536242804717142e+38, 3.2530916007278325e+38, 2.2850530773501736e+38, 1.4811406193015677e+38, 8.996970414233775e+37, 5.714737578655405e+37, 4.1753827469702984e+37, 5.792903478597774e+37, 3.5293627064612525e+37, 3.9173853274348744e+37, 1.5338973330208658e+37, 1.0954594151384653e+37, 7.509245316341355e+36, 4.4698844079606946e+36, 2.1882467511017893e+36, 1.07893751108569e+36, 9.293863557409456e+35, 8.250804415723772e+35, 7.053363926348689e+35, 5.730549817481245e+35, 4.448322772516889e+35, 3.326567133251428e+35, 2.3620891913707415e+35, 1.576145449038202e+35, 9.667101808015178e+34, 5.406252085503224e+34, 2.7033127475429243e+34, 1.1310877329708168e+34, 3.752289104849953e+33, 8.169515335316895e+32, 7.452402319597932e+31, 7.93955739082356e+29, 6.680305015452128e+27, 6.649611801941642e+27, 6.528242708437605e+27, 6.306614606745006e+27, 5.940134687372114e+27, 486179107839213.6, 
3, 43.0, 13.40612417186194, 3.942723235997242e+19, 2.0454849683214884e+23, 2.6169552264057546e+29, 7.652375848003951e+29, 1.2128198387655282e+30, 1.8314551690963874e+30, 2.740288526540479e+30, 4.3032471752211625e+30, 6.423863326206752e+30, 9.633770415652106e+30, 1.408627920572295e+31, 2.012779925495807e+31, 2.7976687534963183e+31, 3.8088712477486926e+31, 4.632295889776433e+31, 5.505493983146627e+31, 3.0464656968607697e+31, 4.205293310599074e+31, 5.685861705445441e+31, 8.847005399732523e+31, 1.662632602606662e+32, 1.2995598710124281e+31, 2.008150660127923e+31, 2.9430408642646568e+31, 5.698968970354497e+31, 8.14322233148177e+31, 1.3328960849829251e+32, 2.156732547363465e+32, 3.3790630265187855e+32, 5.2698262002173885e+32, 8.163873982726965e+32, 1.2992606707418048e+33, 2.152763356075594e+33, 3.2329299333951995e+33, 5.170068441592229e+33, 8.48586839914723e+33, 1.3079655105987149e+34, 2.0267318494109032e+34, 3.2545900497771938e+34, 5.176024130566241e+34, 8.100210263397019e+34, 1.2653081119799193e+35, 2.0109269401373212e+35, 3.1981313184648472e+35, 5.067529579076979e+35, 7.974368345062477e+35, 1.2548629368694674e+36, 1.9755876033750422e+36, 3.1045330839968167e+36, 4.87524327993153e+36, 7.592700905785913e+36, 1.1684127631518527e+37, 1.763584577760286e+37, 2.565052700317271e+37, 3.6374438027102207e+37, 4.984209542669564e+37, 6.611443521956944e+37, 8.441046492721864e+37, 1.041588778356069e+38, 1.2502483565524681e+38, 1.4557818226536952e+38, 1.643222195126913e+38, 1.826401656352422e+38, 1.99386749040358e+38, 2.1325356119864497e+38, 2.253700973768945e+38, 2.358828097756883e+38, 2.4344244004366247e+38, 2.4980221925092124e+38, 2.559153242814752e+38, 2.5715578123768617e+38, 2.5816436316007277e+38, 2.5786731148249794e+38, 2.560921653964284e+38, 2.524621592657955e+38, 2.4728415669550245e+38, 2.4148841016262133e+38, 2.3425900393485835e+38, 2.2594164810493072e+38, 2.15177220015271e+38, 2.0276654088632e+38, 1.8993119133444804e+38, 1.757908606278094e+38, 1.6095196839281087e+38, 1.4702672799641139e+38, 1.3234157300550206e+38, 1.1926040843133236e+38, 1.06929193775018e+38, 9.587299449807536e+37, 8.49173225444101e+37, 7.230965548041378e+37, 5.578228398759819e+37, 4.005864844264033e+37, 2.8946515518526562e+37, 2.0389017204898487e+37, 1.3176385496659892e+37, 7.805420277947548e+36, 4.527894428168478e+36, 3.173191573550878e+36, 3.3907540748515814e+36, 2.2761259613171955e+36, 1.8655044628487767e+36, 7.937729450631708e+35, 5.252865639546954e+35, 3.426859448420085e+35, 2.0960241989416743e+35, 1.1898611710344422e+35, 7.016108432506418e+34, 4.886481876379457e+34, 3.3829555568860104e+34, 2.2750780078942505e+34, 1.4859229566120804e+34, 9.347517617255949e+33, 5.648020863929838e+33, 3.190041201840686e+33, 1.651947695161715e+33, 7.594449391072129e+32, 3.0046666204929652e+32, 9.392826327409143e+31, 220696930194.08612, 
3, 43.0, 14.40612417186194, 3.9427232359972425e+20, 1.1112103871034365e+22, 2.6902726242123743e+28, 7.8667670911374644e+28, 1.2467985609420863e+29, 1.882765763119065e+29, 2.817061266852584e+29, 4.4136337544015064e+29, 6.603836196277488e+29, 9.880895183877389e+29, 1.4480924603443187e+30, 2.0644116077049355e+30, 2.876049075353382e+30, 3.9065761320970584e+30, 4.7620756724344534e+30, 5.646720508779887e+30, 3.117426998821328e+30, 4.3032471752211636e+30, 5.804920713990718e+30, 9.05307862821628e+30, 1.7013602909849084e+31, 1.2128198387655283e+30, 1.8698048947710293e+30, 2.727698044424623e+30, 5.355453987626661e+30, 7.634775871947718e+30, 1.2496727284602388e+31, 2.031403948843855e+31, 3.1827043106730316e+31, 4.9635944734682565e+31, 7.687697610049775e+31, 1.2268636306140134e+32, 2.040780483442425e+32, 3.0605275436078083e+32, 4.9067766773691356e+32, 8.105807623454908e+32, 1.2496727284602389e+33, 1.9444478162382728e+33, 3.1318163880560996e+33, 4.999151431314532e+33, 7.8468670129715e+33, 1.2296918433716935e+34, 1.96063292884062e+34, 3.128933206522422e+34, 4.973891327783745e+34, 7.850481460967177e+34, 1.2387860107218672e+35, 1.9552229774209353e+35, 3.078905024402861e+35, 4.84614374972905e+35, 7.559556065675192e+35, 1.1651887755334645e+36, 1.7603389251873575e+36, 2.5632814365273942e+36, 3.637443802710221e+36, 4.9876537020811234e+36, 6.622108502514659e+36, 8.460505114514215e+36, 1.0447113002738991e+37, 1.2551519130070187e+37, 1.462838198404955e+37, 1.6538506654579242e+37, 1.8407562864981591e+37, 2.0132434385628642e+37, 2.1587198865117335e+37, 2.2882121765676905e+37, 2.402681986275236e+37, 2.489982485820134e+37, 2.5674162894674107e+37, 2.644821047392959e+37, 2.676679004185595e+37, 2.7095445270250343e+37, 2.732098119312125e+37, 2.7447089112508664e+37, 2.7428135882005255e+37, 2.728326192425585e+37, 2.712665801848854e+37, 2.6859399097572663e+37, 2.650307663425174e+37, 2.589382999565529e+37, 2.5095525390606105e+37, 2.4237972720253607e+37, 2.3179085227116724e+37, 2.1958177547588514e+37, 2.0758515484606726e+37, 1.930173249290067e+37, 1.7893540983071187e+37, 1.6345427827201123e+37, 1.4831883048533163e+37, 1.324635202489367e+37, 1.1670683523e+37, 1.0113379222666231e+37, 8.675535521883074e+36, 7.340003928214795e+36, 6.144637858834214e+36, 5.0628643605924456e+36, 4.151416358784589e+36, 3.3635376421690475e+36, 2.7026903584374504e+36, 2.1527633560755944e+36, 1.6633984495450812e+36, 1.151850969913136e+36, 7.313012105714772e+35, 4.7380134838490686e+35, 2.9943067707637693e+35, 1.7490261081176875e+35, 9.466649381327273e+34, 5.040763156842113e+34, 3.3342356624756843e+34, 3.1937159874701383e+34, 2.1963234186962367e+34, 1.6417094283163247e+34, 7.436974499420869e+33, 4.7829549721428844e+33, 3.0394590201912134e+33, 1.7980273449937e+33, 1.0064594740562929e+33, 5.818302438259814e+32, 3.595806327809901e+32, 4.861791078392137e+16, 
3, 44.0, 12.40612417186194, 3.942723235997242e+20, 9.053078628216279e+26, 6.469880993186014e+31, 1.914239582706046e+32, 3.0415593294380028e+32, 4.608889462632012e+32, 6.848513123885926e+32, 1.0767039153685661e+33, 1.617321248346699e+33, 2.4490423337924234e+33, 3.561199406627919e+33, 5.115596627014469e+33, 7.163022120720193e+33, 9.871798732808648e+33, 1.207525448779964e+34, 1.4685755462304152e+34, 9.635988928672889e+33, 1.3545539040963643e+34, 1.910716668803781e+34, 3.0178405679916093e+34, 5.413726260568254e+34, 2.446224392056387e+34, 3.9191897655018925e+34, 5.973051954767318e+34, 1.0134359178432123e+35, 1.5545199227573703e+35, 2.535106987691324e+35, 4.0030986463824434e+35, 6.303710972026767e+35, 9.953969194131328e+35, 1.564574660897468e+36, 2.4808259286925451e+36, 3.974626212254462e+36, 6.136154589297166e+36, 9.649310739613007e+36, 1.5286085779351172e+37, 2.358285020041928e+37, 3.6215650667046064e+37, 5.633733411997801e+37, 8.657575594837878e+37, 1.3149107996424608e+38, 1.98333598816058e+38, 3.0032832389388385e+38, 4.515400662237326e+38, 6.743669725298247e+38, 9.947095610131705e+38, 1.4658728201688052e+39, 2.1492963063694207e+39, 3.1375907237663357e+39, 4.5856013053141985e+39, 6.660338352104021e+39, 9.644868090835867e+39, 1.374663154625515e+40, 1.9054444507343266e+40, 2.5875949348038626e+40, 3.406405084546712e+40, 4.347867417143227e+40, 5.330970660382962e+40, 6.308793210471987e+40, 7.2301331002879e+40, 7.998274266915446e+40, 8.515816455140387e+40, 8.866787336329703e+40, 8.991585790817512e+40, 8.861276585785712e+40, 8.565176018242771e+40, 8.149787638454878e+40, 7.588855655027346e+40, 7.001261392130075e+40, 6.41927959983683e+40, 5.757398526883312e+40, 5.149870310820566e+40, 4.594373436937357e+40, 4.072079913628886e+40, 3.5636602458738944e+40, 2.9936173855218057e+40, 2.2824238265826923e+40, 1.6072975856340153e+40, 1.1405026332671282e+40, 7.874015989119541e+39, 5.006062787348868e+39, 2.953903424789685e+39, 1.798855557874398e+39, 1.2436446111006206e+39, 1.6515673639369195e+39, 9.397152879934719e+38, 1.0272976445562651e+39, 3.633258450516552e+38, 2.4688590276740914e+38, 1.6607195275495556e+38, 9.457934289093233e+37, 4.0289909543864176e+37, 1.2986624768411412e+37, 1.077696053148803e+37, 1.0356101357968761e+37, 9.849094225766582e+36, 9.134742139122671e+36, 8.126364388981593e+36, 6.881708813780913e+36, 5.491567072722381e+36, 4.070954911799994e+36, 2.684085168876757e+36, 1.533897333020866e+36, 7.509245316341355e+35, 2.8509939278959757e+35, 7.17457685780571e+34, 7.194428359504352e+33, 1.2629794737161307e+32, 5.8049207139907175e+29, 6.3357246171363874e+29, 6.851667707045431e+29, 7.324808793029238e+29, 7.77671695288929e+29, 8.19966845207022e+29, 8.546657342839219e+29, 8.806357102231953e+29, 8.970079504462657e+29, 9.0114835102358e+29, 8.887841321249496e+29, 2.6594773281359923e+18, 
3, 44.0, 13.40612417186194, 3.9427232359972424e+21, 2.7466055439962885e+25, 1.7250285702698696e+31, 5.055874584467785e+31, 8.013021210860139e+31, 1.210030430541628e+32, 1.8063266621330057e+32, 2.83658820268965e+32, 4.2402971534327605e+32, 6.3591093390269936e+32, 9.302427465302832e+32, 1.328300366093223e+33, 1.849678686697079e+33, 2.5164962776920798e+33, 3.066170439390149e+33, 3.647508329616739e+33, 2.0492563633950894e+33, 2.827458845386228e+33, 3.841459796338805e+33, 5.988199936833617e+33, 1.1207178583038247e+34, 1.2453639570347423e+33, 1.9448955934441267e+33, 2.884006881679295e+33, 5.376458431128192e+33, 7.845060413070909e+33, 1.2811391188914154e+34, 2.060137902436587e+34, 3.228466559531766e+34, 5.059368265438585e+34, 7.866767091137447e+34, 1.2505362700212922e+35, 2.0511446677195096e+35, 3.1016750197461197e+35, 4.930560502269433e+35, 8.003801187755508e+35, 1.2322428087722388e+36, 1.9014998362217668e+36, 3.022708674461403e+36, 4.758787282998158e+36, 7.382378233325391e+36, 1.1420793848148464e+37, 1.7930660692522827e+37, 2.813819871468244e+37, 4.400441910748835e+37, 6.834335463525611e+37, 1.0619309838268215e+38, 1.6511871202765405e+38, 2.563281436527394e+38, 3.981954491830436e+38, 6.140394759057001e+38, 9.373381478712136e+38, 1.404417693732683e+39, 2.0309362546461607e+39, 2.8648130896046456e+39, 3.90747575806299e+39, 5.158177614143543e+39, 6.552338001304086e+39, 8.040745055468153e+39, 9.589507261260981e+39, 1.108144237329635e+40, 1.2399275003972752e+40, 1.3636291998228016e+40, 1.469928777385002e+40, 1.549160062634798e+40, 1.6098903322020411e+40, 1.652328113971099e+40, 1.6672329789896894e+40, 1.6676169177709766e+40, 1.6588086537341251e+40, 1.6124872611534801e+40, 1.5588211596803013e+40, 1.4934692750274267e+40, 1.413827068919245e+40, 1.3231110374022185e+40, 1.224605744516827e+40, 1.1245953730308464e+40, 1.0216362454061457e+40, 9.200179322380407e+39, 8.165754000617074e+39, 7.174576857805712e+39, 6.289212839110031e+39, 5.47641425617812e+39, 4.7500293417098016e+39, 4.099173423159222e+39, 3.3930971339583874e+39, 2.5479816286415568e+39, 1.775400313947201e+39, 1.2589146641426025e+39, 8.824625672844751e+38, 5.812946050761716e+38, 3.675329600558697e+38, 2.456384183593292e+38, 1.8685137253132503e+38, 2.4299441526965813e+38, 1.5191347292358546e+38, 1.4951896852298804e+38, 5.684552638122783e+37, 3.8053647627301275e+37, 2.5014757227715553e+37, 1.5215852594866303e+37, 8.390663266029048e+36, 4.845028012352332e+36, 3.6643444631049475e+36, 2.7650073643153307e+36, 2.0127799254958068e+36, 1.4015102951914868e+36, 9.425324089573812e+35, 6.1135897518492795e+35, 3.779168815962808e+35, 2.2146050827994842e+35, 1.2212267042647498e+35, 6.212927594064505e+34, 2.8483692743317167e+34, 1.1089099806981036e+34, 3.343461235806235e+33, 6.7888512399308e+32, 5.751700880991741e+31, 8.105807623454906e+29, 4.8617910783921363e+17, 
3, 44.0, 14.40612417186194, 3.942723235997242e+22, 1.2353678430277474e+24, 2.097955597877239e+30, 6.134741850142455e+30, 9.745324219530532e+30, 1.4682374331425462e+31, 2.196829199080448e+31, 3.4498188617098024e+31, 5.149870310820563e+31, 7.723182409941496e+31, 1.1292661033982108e+32, 1.6136015126970752e+32, 2.2428296683031506e+32, 3.0534885255881842e+32, 3.7136099979546766e+32, 4.413633754401507e+32, 2.442284720036338e+32, 3.363537642169041e+32, 4.547746961247932e+32, 7.0761379729382e+32, 1.3328960849829254e+33, 1.0041446815007782e+32, 1.5516590270279643e+32, 2.268800411860005e+32, 4.423808230994069e+32, 6.3066146067450075e+32, 1.0322770982598137e+33, 1.6741574212301454e+33, 2.6229879312418314e+33, 4.0953996830504386e+33, 6.344483793401835e+33, 1.010406874446291e+34, 1.677630419509869e+34, 2.5188151241226416e+34, 4.033632172829557e+34, 6.634318119192389e+34, 1.0232842562615834e+35, 1.587436245977926e+35, 2.5532673536879705e+35, 4.067207149935387e+35, 6.3723011545127865e+35, 9.967730614644526e+35, 1.5863400625190447e+36, 2.5269479262275834e+36, 4.009556081750756e+36, 6.316787864966525e+36, 9.951677471877483e+36, 1.568181377981484e+37, 2.4665861713262607e+37, 3.877004386202495e+37, 6.042216636669542e+37, 9.304569675005396e+37, 1.4050646009263217e+38, 2.0440724852732152e+38, 2.89932094098369e+38, 3.974626212254462e+38, 5.2734677247860035e+38, 6.732808969017888e+38, 8.309909466786248e+38, 9.97691546294389e+38, 1.161973683826257e+39, 1.3118865887242482e+39, 1.4588018061400836e+39, 1.5929285359208192e+39, 1.704497200773645e+39, 1.8030023482030513e+39, 1.8884100034216134e+39, 1.9507260893601922e+39, 2.00353204177493e+39, 2.054926497952869e+39, 2.068217899067507e+39, 2.080157851300144e+39, 2.082074630057673e+39, 2.072508366089585e+39, 2.0492563633950895e+39, 2.013707058370038e+39, 1.9737688576407986e+39, 1.9221899061412718e+39, 1.8625000468355002e+39, 1.781953193861498e+39, 1.6873154856153336e+39, 1.5892649019529695e+39, 1.4784147688249135e+39, 1.3598665537828508e+39, 1.2459376004074376e+39, 1.1220088754474243e+39, 1.00785091015398e+39, 8.937093310427432e+38, 7.904898398781847e+38, 6.926220163597657e+38, 6.042216636669542e+38, 5.2431984100342676e+38, 4.5624308202199514e+38, 3.964571844127384e+38, 3.410329111749104e+38, 2.8125243578560872e+38, 2.097472581360158e+38, 1.4236272499747092e+38, 9.642647533547795e+37, 6.315333538251156e+37, 3.7835222504100287e+37, 2.0290665543892142e+37, 1.0432689748265388e+37, 6.694163143446849e+36, 6.309519578944377e+36, 4.2402971534327696e+36, 3.108825119106905e+36, 1.3797369413676392e+36, 8.62573858956896e+35, 5.3715088096483605e+35, 3.1310953436996728e+35, 1.7290051718155185e+35, 9.736352576449345e+34, 6.28486990496005e+34, 3.9966516107867546e+34, 2.4434096927288292e+34, 1.4239550900056187e+34, 7.848674028904987e+33, 3.953632447588109e+33, 4.861791078392137e+18, 
3, 45.0, 12.40612417186194, 3.942723235997242e+20, 5.1807936210622375e+32, 2.919418073641691e+33, 7.274385163972104e+33, 1.2144965692719718e+34, 1.9422104761240132e+34, 2.7459731875036216e+34, 4.501904649001967e+34, 6.895984748987926e+34, 1.1513206450597827e+35, 1.5859748362708473e+35, 2.3949491252563423e+35, 3.4213404525628676e+35, 5.496627322887511e+35, 6.824899999438765e+35, 9.457934289093234e+35, 1.3182454843836304e+36, 2.0412504446185522e+36, 3.118862957624884e+36, 5.089748140087129e+36, 7.749903456021137e+36, 1.1566348997005647e+37, 1.875410280396634e+37, 2.8760490753533876e+37, 4.604646472832205e+37, 7.384078284450585e+37, 1.206136033696161e+38, 1.8685137253132503e+38, 2.9839826409662573e+38, 4.705397228445292e+38, 7.473022542955837e+38, 1.1871245662810402e+39, 1.885368697776466e+39, 2.9730094683936233e+39, 4.684856495874698e+39, 7.399396372734308e+39, 1.1667996558169612e+40, 1.838214943608778e+40, 2.9100221342920504e+40, 4.547223412668412e+40, 7.066043266184543e+40, 1.0877429879824187e+41, 1.6643562543154115e+41, 2.4985399179317862e+41, 3.683573096190423e+41, 5.260127756955122e+41, 7.381188430429785e+41, 1.0025967496846307e+42, 1.3180330254381696e+42, 1.685684495652586e+42, 2.0778122019828342e+42, 2.5047033252340165e+42, 2.9073431387697824e+42, 3.282662941310671e+42, 3.616814976380857e+42, 3.880576884148106e+42, 4.071892391736638e+42, 4.125687149202434e+42, 4.090687393053087e+42, 3.954542909918628e+42, 3.734532922004776e+42, 3.4086019831862056e+42, 3.0716115526125533e+42, 2.7296457741131297e+42, 2.3778053087788785e+42, 2.053602064871542e+42, 1.7708684164537632e+42, 1.5177711461589755e+42, 1.312037633944088e+42, 1.1318693306198436e+42, 9.327522221117418e+41, 7.005454107065181e+41, 4.884985650632764e+41, 3.4285563550457288e+41, 2.3516695309982333e+41, 1.4942604177219647e+41, 8.877410291546306e+40, 5.428705624255851e+40, 3.7505615096824824e+40, 5.248150640571972e+40, 2.82160549437886e+40, 3.215853769101993e+40, 1.0987434328861045e+40, 7.229300748367996e+39, 4.5856013053141985e+39, 2.4791128266046503e+39, 9.720672070626858e+38, 2.4745503355136512e+38, 1.6714611717891713e+38, 1.3873827561890812e+38, 1.1662624484242296e+38, 9.912798821576173e+37, 8.491732254441017e+37, 7.260997585501721e+37, 6.098124578859298e+37, 4.932831632198813e+37, 3.7067755722079827e+37, 2.4774009074771224e+37, 1.4015102951914869e+37, 5.962059314159262e+36, 1.4377927598296584e+36, 8.947388444561503e+34, 1.0185826921733109e+33, 2.671752917732808e+31, 3.3712913972182265e+31, 4.2188714481768655e+31, 5.245613548197414e+31, 6.47435177261927e+31, 7.921296915547501e+31, 9.63820795258399e+31, 1.162241268960234e+32, 1.3896207561162869e+32, 1.643600604584333e+32, 1.9204203188619117e+32, 2.2064611869804606e+32, 2.487690183005178e+32, 2.7466055439962884e+32, 2.955264060862088e+32, 3.0881351050463894e+32, 1.7897661597529088e+16, 
3, 45.0, 13.40612417186194, 3.9427232359972424e+21, 1.258335045987056e+28, 7.177881633444275e+32, 2.1291011392906563e+33, 3.38295555688601e+33, 5.130932393799363e+33, 7.613709324528337e+33, 1.1972815561329896e+34, 1.8005131282934108e+34, 2.7308402312933537e+34, 3.9673114194427575e+34, 5.705533929221746e+34, 8.001958456585697e+34, 1.1048321216587575e+35, 1.3536185345106018e+35, 1.6527086203852335e+35, 1.1153117878799311e+35, 1.5714345315732339e+35, 2.2314969230559468e+35, 3.529362706461253e+35, 6.28631721635699e+35, 3.1680811126719947e+35, 5.072199096365897e+35, 7.733859754704224e+35, 1.3076643750808682e+36, 2.003993425192892e+36, 3.262843865762805e+36, 5.146314134839085e+36, 8.089027136164813e+36, 1.276427911645053e+37, 2.0026095935902291e+37, 3.167351719015417e+37, 5.060533362164949e+37, 7.785675385051939e+37, 1.2186985441922211e+38, 1.920862562895036e+38, 2.949146129951827e+38, 4.508128558457274e+38, 6.9822644315326e+38, 1.0692919377501799e+39, 1.6191843305157323e+39, 2.4361066221888804e+39, 3.682106047300705e+39, 5.5309061887518e+39, 8.25460492660714e+39, 1.218417960786749e+40, 1.7971995134313123e+40, 2.6393457896478937e+40, 3.8618579248974782e+40, 5.658434491207332e+40, 8.243208642542403e+40, 1.1967303145381455e+41, 1.7084264726245429e+41, 2.3702616636466262e+41, 3.218817044311171e+41, 4.233468106961677e+41, 5.3924520539933105e+41, 6.589709844642185e+41, 7.765265199307579e+41, 8.853118805810384e+41, 9.73455923920267e+41, 1.028931095580128e+42, 1.0627626727342754e+42, 1.0680369855564015e+42, 1.0420445639407571e+42, 9.961535622611509e+41, 9.365830468855958e+41, 8.607881751176818e+41, 7.82990138578082e+41, 7.067995955853105e+41, 6.223666209708251e+41, 5.445606955925952e+41, 4.7306007068020205e+41, 4.062620843339165e+41, 3.464944577239778e+41, 2.938301063703252e+41, 2.492850834934619e+41, 2.114444510140844e+41, 1.7955449935593284e+41, 1.5107628341861712e+41, 1.227428752309502e+41, 9.04682714248302e+40, 6.157384758523956e+40, 4.22859695128496e+40, 2.8641535179521203e+40, 1.7914153546704075e+40, 1.0473607445045634e+40, 6.395820877876151e+39, 4.5687384074602684e+39, 6.29500808660245e+39, 3.823809891813742e+39, 4.2412736303510476e+39, 1.6538506654579243e+39, 1.1770537419950142e+39, 8.042596718610701e+38, 4.76097929021945e+38, 2.3067274956430996e+38, 1.1137719916003457e+38, 9.484103664977932e+37, 8.336740673473915e+37, 7.046870528874857e+37, 5.655829285742271e+37, 4.332078246897951e+37, 3.200341272517861e+37, 2.2485176053662253e+37, 1.488319912645948e+37, 9.084400914593416e+36, 5.0733671478404275e+36, 2.5456359312348197e+36, 1.073238620425832e+36, 3.593323290505018e+35, 7.877642942560048e+34, 6.988698297180551e+33, 8.031493132474422e+31, 6.277638344702239e+30, 6.66494074027072e+30, 6.979049720204959e+30, 7.22430864873584e+30, 7.324808793029238e+30, 4.8617910783921363e+17, 
3, 45.0, 14.40612417186194, 3.942723235997242e+22, 4.2834755504178126e+26, 2.0691705679514808e+32, 6.064518040879747e+32, 9.611613358547944e+32, 1.4514306582242278e+33, 2.166687572488687e+33, 3.40248557244799e+33, 5.0885763171839515e+33, 7.631260737177291e+33, 1.116082484127383e+34, 1.594029272108165e+34, 2.2202214407907137e+34, 3.020621382289294e+34, 3.681258308654437e+34, 4.381232416609912e+34, 2.469996241105833e+34, 3.407974153324095e+34, 4.63549687186783e+34, 7.22763633198476e+34, 1.3511273721729964e+35, 1.6028625882781386e+34, 2.5026279602056165e+34, 3.7153205724032606e+34, 6.884878687641117e+34, 1.0055329173842414e+35, 1.6386880714178745e+35, 2.630851243016779e+35, 4.1161983320711564e+35, 6.4475733619839236e+35, 1.0013739568713258e+36, 1.588899002313131e+36, 2.5995387303483543e+36, 3.923704497857395e+36, 6.218652547883239e+36, 1.00599608904649e+37, 1.5445298013860327e+37, 2.3768199951516982e+37, 3.768740999822221e+37, 5.921016786529068e+37, 9.168457841331086e+37, 1.4164338348086168e+38, 2.2217556452629687e+38, 3.484947920581713e+38, 5.448742601700526e+38, 8.464402218377851e+38, 1.31581942163501e+39, 2.047369797462543e+39, 3.181238958608475e+39, 4.946480397480235e+39, 7.634775871947702e+39, 1.1665310211964517e+40, 1.748623426335538e+40, 2.529276403416633e+40, 3.5685870269652536e+40, 4.866271016227989e+40, 6.422384347293594e+40, 8.152602961545073e+40, 9.997612328005903e+40, 1.190957578509299e+41, 1.3746631546255158e+41, 1.5353107554793238e+41, 1.6849859826588769e+41, 1.811741749843702e+41, 1.9036902794889304e+41, 1.9705900805965755e+41, 2.014170784941911e+41, 2.021139512015795e+41, 2.0100010872600934e+41, 1.9869927950747775e+41, 1.9173274602421064e+41, 1.839061667824644e+41, 1.747013626095849e+41, 1.6390654367345238e+41, 1.519834477742894e+41, 1.39314490933846e+41, 1.2670574078304599e+41, 1.138928058578109e+41, 1.0143697568007823e+41, 8.89398294552772e+40, 7.701871923399874e+40, 6.629736877078482e+40, 5.638924662518989e+40, 4.751123202315673e+40, 4.0040205000375916e+40, 3.3373080216653723e+40, 2.7976687534963125e+40, 2.3528611150076045e+40, 2.0003053307864e+40, 1.7017520887749492e+40, 1.4122002769891635e+40, 1.0727444895626774e+40, 7.65766374813576e+39, 5.548764492469036e+39, 3.940000639732237e+39, 2.576299162528673e+39, 1.547021296662047e+39, 9.094865740537943e+38, 6.3972937396202084e+38, 6.81233964110807e+38, 4.5091667129362414e+38, 3.655074995686128e+38, 1.5177361985891685e+38, 9.806099426234878e+37, 6.240168147601743e+37, 3.716176155078653e+37, 2.0436018743730189e+37, 1.1571676724222205e+37, 7.714295884074767e+36, 5.100306697072626e+36, 3.2794143471871925e+36, 2.0525620377460536e+36, 1.2430720234454208e+36, 7.266015037709002e+35, 3.999413353675397e+35, 2.0323396603729494e+35, 9.246902796390994e+34, 3.640795555563207e+34, 1.139977533312765e+34, 4.861791078392137e+18, 
3, 46.0, 12.40612417186194, 3.942723235997242e+25, 7.358618574247216e+29, 1.539204386401391e+34, 6.4520287265279445e+34, 1.2456507456995242e+35, 2.1379438373711854e+35, 2.7132904881495215e+35, 5.152242459907867e+35, 8.040745055468153e+35, 1.4903775236126497e+36, 2.0300011892604964e+36, 3.2463571129635897e+36, 4.724939938874704e+36, 9.251162133171311e+36, 1.1748875246474826e+37, 1.9801418031445665e+37, 3.138313263911499e+37, 5.045408009988583e+37, 7.707194026021063e+37, 1.2359368819596944e+38, 1.995704756190185e+38, 3.2165943320541795e+38, 5.215504114359387e+38, 8.01302121086014e+38, 1.265890942090549e+39, 2.0587153009951885e+39, 3.338076553712641e+39, 5.161741987957314e+39, 8.258407188093514e+39, 1.299559871012426e+40, 2.074895803579804e+40, 3.2937929248774706e+40, 5.219468637264742e+40, 8.258407188093517e+40, 1.3007274105667184e+41, 2.0506252106425635e+41, 3.2474411708800993e+41, 5.1289243374059345e+41, 8.158424378200503e+41, 1.2806672167303924e+42, 2.0073185237862487e+42, 3.11333814233267e+42, 4.7906704009470354e+42, 7.197742279202644e+42, 1.0543778949183593e+43, 1.4838714956078976e+43, 2.0342123766606377e+43, 2.6760627470201677e+43, 3.3751749750140313e+43, 4.0991734231592216e+43, 4.751123202315673e+43, 5.339447151621437e+43, 5.727911409326925e+43, 5.945608273897518e+43, 5.992337867832339e+43, 5.876196258801461e+43, 5.654527132843732e+43, 5.294150612761191e+43, 4.913560324766932e+43, 4.483284429470197e+43, 4.05691858548914e+43, 3.5999485368233963e+43, 3.197395006289242e+43, 2.8294126595085543e+43, 2.460913180556039e+43, 2.0629860551119343e+43, 1.569987853204704e+43, 1.1035608686044627e+43, 7.912182433174587e+42, 5.584654269856946e+42, 3.6202310785716466e+42, 2.2058516034449297e+42, 1.3992209284038327e+42, 9.947782754886687e+41, 1.3566139929787383e+42, 7.625288721911964e+41, 8.469861179733337e+41, 2.9642599911108957e+41, 1.9755421143131003e+41, 1.2707973260694016e+41, 6.8714167995458505e+40, 2.702068112625863e+40, 6.584098089434725e+39, 4.2451817872221466e+39, 3.3946600727866764e+39, 2.6927515983031307e+39, 2.1168802562044526e+39, 1.6424656375579047e+39, 1.2514004083017991e+39, 9.289584560423825e+38, 6.655739142056621e+38, 4.4905164569565115e+38, 2.7523033094563457e+38, 1.4645233229690528e+38, 6.071504096023271e+37, 1.508329733573611e+37, 9.479737079354731e+35, 1.1473509837364297e+34, 1.2066916077822643e+33, 1.6386880714178745e+33, 2.2049375438975047e+33, 2.938301063703246e+33, 3.8850471361810973e+33, 5.0967847466001666e+33, 6.631263606173278e+33, 8.570305285585067e+33, 1.1000091364686437e+34, 1.4002200507768536e+34, 1.7656161487816652e+34, 2.2059531890043935e+34, 2.7189191423478883e+34, 3.3036672061816105e+34, 3.943631186099748e+34, 4.619514050118105e+34, 5.286841523495138e+34, 5.903319548366783e+34, 6.423863326206751e+34, 6.782601355485307e+34, 6.929410540412586e+34, 1.962439570363981e+24, 
3, 46.0, 13.40612417186194, 3.942723235997242e+26, 4.7401959221791624e+29, 1.1539747132506475e+34, 3.7230279132978203e+34, 6.244480192204056e+34, 9.986108774698127e+34, 1.3857863918802337e+35, 2.2771743974516665e+35, 3.507488795266144e+35, 5.8680835989732994e+35, 8.051861432441968e+35, 1.2237601089429978e+36, 1.7607443048734017e+36, 2.8041180460362244e+36, 3.4609577078408596e+36, 4.984209542669565e+36, 6.106555271684932e+36, 9.274623579538586e+36, 1.4138270689192437e+37, 2.292959016292609e+37, 3.7496980103980736e+37, 5.106182023618685e+37, 8.266016966101126e+37, 1.2626886954236106e+38, 2.0464271658930472e+38, 3.2538407389948492e+38, 5.3455979573385096e+38, 8.279350954350496e+38, 1.3218929681295168e+39, 2.0849531103870045e+39, 3.3029065962673086e+39, 5.246821534422591e+39, 8.363658513313886e+39, 1.3146080650968144e+40, 2.0729856337218302e+40, 3.283192086706386e+40, 5.166498318054176e+40, 8.137599135183756e+40, 1.2888319460977594e+41, 2.016955387809007e+41, 3.135424101288846e+41, 4.839453177462842e+41, 7.442799029724974e+41, 1.1260204873361647e+42, 1.6775917910866424e+42, 2.4287135307199817e+42, 3.466907802321877e+42, 4.808219576605742e+42, 6.484347670871385e+42, 8.551972434422845e+42, 1.093393007978663e+43, 1.3750430405728085e+43, 1.6734636848190556e+43, 1.985300684583144e+43, 2.304338587151198e+43, 2.6034922687210205e+43, 2.8682453114455964e+43, 3.0388292102792953e+43, 3.1318885016236224e+43, 3.135207521345463e+43, 3.0475180905672495e+43, 2.849943776373936e+43, 2.621418091441889e+43, 2.3673708314861687e+43, 2.0880759550226186e+43, 1.8189312833455344e+43, 1.5734258912075702e+43, 1.3447337111311491e+43, 1.1505521076948033e+43, 9.869071430824308e+42, 8.342693574803412e+42, 7.080864639723298e+42, 6.036098140730823e+42, 5.143115676102858e+42, 4.3589741380577295e+42, 3.567403978667132e+42, 2.6556222110874825e+42, 1.8253505975935405e+42, 1.2678745733249722e+42, 8.598571211393215e+41, 5.375963263810369e+41, 3.11742699882133e+41, 1.863787060756248e+41, 1.2705632581101813e+41, 1.690037309796248e+41, 9.505966781881196e+40, 1.0413489712865306e+41, 3.655074995686124e+40, 2.4705650442416496e+40, 1.6515673639369197e+40, 9.34751761725594e+39, 3.9418154949339026e+39, 1.2393566241407183e+39, 1.0020659204632498e+39, 9.420984566713513e+38, 8.773972974089782e+38, 7.976204722642879e+38, 6.96941446402729e+38, 5.806257500278234e+38, 4.569790519479571e+38, 3.3519404339151574e+38, 2.1978411092966314e+38, 1.2551519130070184e+38, 6.173000218527278e+37, 2.3686249102743347e+37, 5.945608273897518e+36, 5.7477291187353895e+35, 1.3179419820868405e+34, 4.302256430009587e+33, 5.350523703047909e+33, 6.611443521956958e+33, 8.126364388981594e+33, 9.917364885429835e+33, 1.2005943420040408e+34, 1.4371307842317539e+34, 1.6958845839423604e+34, 1.9714977798548084e+34, 2.247999924656763e+34, 2.502627960205616e+34, 4.861791078392136e+22, 
3, 46.0, 14.40612417186194, 3.942723235997243e+21, 6.036654111517786e+28, 6.528242708437606e+33, 1.9270646834656199e+34, 3.0584141361073476e+34, 4.630163129807835e+34, 6.883293568238417e+34, 1.0811757403420407e+35, 1.6240383944861851e+35, 2.454122811711867e+35, 3.56858702696525e+35, 5.121489566879995e+35, 7.16632157398027e+35, 9.833232148244141e+35, 1.2005943420040435e+36, 1.4494268171890152e+36, 9.157908338102953e+35, 1.274078808807666e+36, 1.7868837211324347e+36, 2.81770999386509e+36, 5.0979584597816753e+36, 1.865504462848777e+36, 2.97506386005865e+36, 4.50397833015503e+36, 7.819811644317645e+36, 1.1835763874909427e+37, 1.9368513575618055e+37, 3.0682892066060597e+37, 4.81943683158176e+37, 7.604948761684829e+37, 1.191780547069845e+38, 1.8901500945295076e+38, 3.0471672522772115e+38, 4.6773114815601214e+38, 7.368791907379088e+38, 1.173535663740399e+39, 1.8071586978706728e+39, 2.775212815490577e+39, 4.3330758596272547e+39, 6.692621932865671e+39, 1.0209307677807971e+40, 1.5491600626347983e+40, 2.3680795770196273e+40, 3.603265739351691e+40, 5.453763390900559e+40, 8.177043203187247e+40, 1.226298769106766e+41, 1.834831943362259e+41, 2.7396576244273815e+41, 4.097286118636948e+41, 6.091107893387927e+41, 9.007334524129197e+41, 1.307664375080869e+42, 1.8399087820612203e+42, 2.5281118967462697e+42, 3.3596674546382716e+42, 4.3168433809766067e+42, 5.318219919385915e+42, 6.313443414084311e+42, 7.25114003465107e+42, 8.031493132474438e+42, 8.555911670244436e+42, 8.910381366432757e+42, 9.035169250201592e+42, 8.902178380104554e+42, 8.60114545910259e+42, 8.179302915897845e+42, 7.609152573130262e+42, 7.007874123092574e+42, 6.405548035610006e+42, 5.710396867061331e+42, 5.055408942653696e+42, 4.437683169495789e+42, 3.844999541426386e+42, 3.2998659073744e+42, 2.80476379241885e+42, 2.372445760975503e+42, 1.990198031489097e+42, 1.6607195275495564e+42, 1.372449244084497e+42, 1.1284863033738915e+42, 9.315288125572805e+41, 7.68769761004979e+41, 6.3693672769856134e+41, 5.295369776345301e+41, 4.253988312138608e+41, 3.108825119106905e+41, 2.1090957295627638e+41, 1.4618280545077325e+41, 1.0064594740562929e+41, 6.53124976765422e+40, 4.076583030728127e+40, 2.6939919418187373e+40, 2.0332758029123693e+40, 2.646648656209218e+40, 1.6371794787669828e+40, 1.6176936932040571e+40, 6.061725870082761e+39, 4.02065021467946e+39, 2.6163527195652517e+39, 1.5670984907213407e+39, 8.400328937047255e+38, 4.634429632143483e+38, 3.428437938949412e+38, 2.5450498443784085e+38, 1.8280846093530435e+38, 1.261526251564097e+38, 8.448824565236162e+37, 5.4953618233755675e+37, 3.430807038140224e+37, 2.048784559000256e+37, 1.1614386983640998e+37, 6.130505583925369e+36, 2.935596034315341e+36, 1.2044708457213377e+36, 3.8317422911256984e+35, 7.976204722642864e+34, 6.447573361983923e+33, 1.367087437055695e+32, 4.861791078392137e+17, 
3, 47.0, 12.40612417186194, 3.9427232359972424e+27, 1.1852126887552998e+31, 2.4462243920563867e+35, 1.0439898884694492e+36, 1.9408693079334912e+36, 3.224751788849383e+36, 4.366126278326484e+36, 8.175160586161412e+36, 1.2784869292885994e+37, 2.2797976011101905e+37, 3.2884882341597604e+37, 5.147499253896794e+37, 7.512704247993679e+37, 1.4537719744132571e+38, 1.9063221424123512e+38, 3.221041292493823e+38, 5.010675665551189e+38, 8.216678462041354e+38, 1.235367843027751e+39, 1.9751327598862994e+39, 3.202552753680436e+39, 5.1321139706725216e+39, 8.354035036387663e+39, 1.2918030105759178e+40, 2.0271985753970501e+40, 3.2975872278788655e+40, 5.303545417606496e+40, 8.241880101359335e+40, 1.314608065096814e+41, 2.0697900380313204e+41, 3.3141815276258334e+41, 5.2583112869023835e+41, 8.29748149157855e+41, 1.3151833203396089e+42, 2.0714110674970824e+42, 3.262393118361287e+42, 5.1664983180541766e+42, 8.131979821910819e+42, 1.2903166231958352e+43, 2.0178844439975214e+43, 3.147721441260576e+43, 4.82609973113295e+43, 7.286119541810383e+43, 1.0680615782999513e+44, 1.5212349418663624e+44, 2.0763295859777374e+44, 2.7510361187458344e+44, 3.4953952549718684e+44, 4.255947797306772e+44, 5.00260591578285e+44, 5.62207056527021e+44, 6.136154589297165e+44, 6.426822305871581e+44, 6.5493212328328e+44, 6.520731116115497e+44, 6.3649689932307646e+44, 6.1517162084457375e+44, 5.834401233077325e+44, 5.5029591931733585e+44, 5.0757040578057184e+44, 4.4781258276224494e+44, 3.524490078355127e+44, 2.590575729119549e+44, 1.9115967889870948e+44, 1.3623738291239645e+44, 9.005260747470428e+43, 5.597528227531728e+43, 3.598291080928725e+43, 2.609734292576647e+43, 3.759207446888108e+43, 2.0878355702321912e+43, 2.416552820755143e+43, 8.460505114514214e+42, 5.720003471139849e+42, 3.6893197124020413e+42, 2.015144958371309e+42, 7.731901137038228e+41, 1.8174659884485495e+41, 1.2124568523811376e+41, 1.0042140477538197e+41, 8.248904816506314e+40, 6.720263350924182e+40, 5.43558501059339e+40, 4.361604601551613e+40, 3.470533911312904e+40, 2.7295829224200534e+40, 2.1163928826254027e+40, 1.6076677221919946e+40, 1.1865780010760198e+40, 8.408069490031118e+39, 5.591087543271866e+39, 3.366637001911688e+39, 1.745003459696327e+39, 6.972624737133608e+38, 1.6572815378736362e+38, 1.0379974637157727e+37, 2.676062747020165e+35, 2.0625110897026933e+35, 2.740919573940878e+35, 3.594150779033807e+35, 4.646182795766847e+35, 5.926472756705704e+35, 7.454118496221291e+35, 9.253292537235797e+35, 1.1334341465762576e+36, 1.3718173533598164e+36, 1.6409535672417917e+36, 1.93863608535847e+36, 2.2583762208548255e+36, 2.601934096937765e+36, 2.952543415169092e+36, 3.300625817063595e+36, 3.629077914114943e+36, 3.9246080682294e+36, 4.156198605850333e+36, 4.3072124381307566e+36, 4.362106778745553e+36, 4.310188782951208e+36, 4.131390935768247e+36, 1.9624395703639812e+26, 
3, 47.0, 13.40612417186194, 3.942723235997242e+26, 5.273467724786003e+34, 4.344064773822306e+35, 1.319156410690581e+36, 2.3200443788032916e+36, 3.7661385447281854e+36, 5.227527093039244e+36, 9.189593319462529e+36, 1.4164338348086167e+37, 2.4338639180335723e+37, 3.4561795194811198e+37, 5.306354890343857e+37, 7.640051610246702e+37, 1.3711857535645735e+38, 1.75750387946061e+38, 2.763098024432158e+38, 4.128538057476337e+38, 6.668010765754809e+38, 1.0066912465972347e+39, 1.6165766158584223e+39, 2.5727423312383853e+39, 4.0429306553066037e+39, 6.571980896319142e+39, 1.0139027298098159e+40, 1.5962330268813604e+40, 2.5935599571777526e+40, 4.1850079982684187e+40, 6.495256292851909e+40, 1.0370418728545727e+41, 1.6326620286542442e+41, 2.61033527529256e+41, 4.1425360102226735e+41, 6.5478133694946476e+41, 1.037041872854573e+42, 1.6335269065986497e+42, 2.5743422972324676e+42, 4.0767050593856165e+42, 6.422828005210607e+42, 1.0195682254397349e+43, 1.5956450612156663e+43, 2.489351892062371e+43, 3.825659314923006e+43, 5.807594594407598e+43, 8.584130124130669e+43, 1.235367843027751e+44, 1.707246740937841e+44, 2.2956004031302224e+44, 2.964123485036743e+44, 3.673637438393323e+44, 4.3943666731728215e+44, 5.03032786575021e+44, 5.594951063980246e+44, 5.966179181617349e+44, 6.180111240316123e+44, 6.238731461197283e+44, 6.1502998865082905e+44, 5.966179181617349e+44, 5.6363284395936e+44, 5.269826200217394e+44, 4.840567631038598e+44, 4.389310382768652e+44, 3.876111775721502e+44, 3.4009190306735997e+44, 2.9607128754429476e+44, 2.5374429831154357e+44, 2.16419451662958e+44, 1.8471250255673794e+44, 1.5707110258339693e+44, 1.3492620095689905e+44, 1.158500678131057e+44, 9.512535539610473e+43, 7.121906903473929e+43, 4.952178522968556e+43, 3.466380974239274e+43, 2.372445760975502e+43, 1.504306362405757e+43, 8.917359847573723e+42, 5.440718951362872e+42, 3.751200627170635e+42, 5.253107548519414e+42, 2.8199167833664887e+42, 3.213122566860074e+42, 1.0979594281538499e+42, 7.223310642553146e+41, 4.582329264712183e+41, 2.478542055495784e+41, 9.727389192752658e+40, 2.4836837298603364e+40, 1.6780167526659627e+40, 1.3918623661818268e+40, 1.1684127631518527e+40, 9.915081590659236e+39, 8.472201812219832e+39, 7.22430864873584e+39, 6.047784287456394e+39, 4.876365975431772e+39, 3.6542334804529815e+39, 2.4361066221888804e+39, 1.3756130663419444e+39, 5.849197589431753e+38, 1.4131761273889827e+38, 8.826657851951588e+36, 1.0967213356785726e+35, 1.429210809876149e+34, 1.832298779604144e+34, 2.3350505799852586e+34, 2.955944613907885e+34, 3.720457024781304e+34, 4.646182795766847e+34, 5.775589156377788e+34, 7.115350404648864e+34, 8.69353270635396e+34, 1.0509844546839168e+35, 1.2542851841737166e+35, 1.4709445189965059e+35, 1.6900373097962488e+35, 1.9014998362217668e+35, 2.083993175046934e+35, 2.2176667872533203e+35, 2.2069693019408614e+18, 
3, 47.0, 14.40612417186194, 3.942723235997242e+22, 7.687697610049774e+30, 1.2316754706322131e+35, 4.0364194698105294e+35, 6.776357224746046e+35, 1.0834186127497786e+36, 1.510762834186172e+36, 2.4876901830051736e+36, 3.837923309976008e+36, 6.420905708888713e+36, 8.889888057973261e+36, 1.3511273721729965e+37, 1.9502769697875916e+37, 3.1289332065224287e+37, 3.9074757580629892e+37, 5.709476534004324e+37, 7.156427770814338e+37, 1.0995026801655109e+38, 1.6703069660103162e+38, 2.7045579557675435e+38, 4.416683637859306e+38, 6.126272243006837e+38, 9.93107570027257e+38, 1.522286136764445e+39, 2.4563841835932925e+39, 3.90747575806299e+39, 6.392876171609697e+39, 9.924217925077447e+39, 1.5815986745269278e+40, 2.495722488259752e+40, 3.9572755550983687e+40, 6.281976281741638e+40, 9.988408425965273e+40, 1.5703493978901742e+41, 2.473980614836245e+41, 3.9092756315537175e+41, 6.141808799991959e+41, 9.635988928672895e+41, 1.5191347292358557e+42, 2.3648102130963913e+42, 3.654233480452981e+42, 5.594049337088683e+42, 8.521504787807217e+42, 1.275869607842938e+43, 1.8800365492562663e+43, 2.692875606952301e+43, 3.8035426664556315e+43, 5.226323549011929e+43, 6.992239449977528e+43, 9.165291714980529e+43, 1.1673908697582422e+44, 1.4657715647589656e+44, 1.7847865823000034e+44, 2.121173986164939e+44, 2.469768756521061e+44, 2.800698071459774e+44, 3.0958242110537936e+44, 3.286747129723299e+44, 3.3901295323928943e+44, 3.3953636301153305e+44, 3.2978909608738228e+44, 3.077274884710783e+44, 2.8228401919262405e+44, 2.5416532005681557e+44, 2.2330389190462063e+44, 1.935157388042541e+44, 1.6635516612595767e+44, 1.4112575954830526e+44, 1.1968956603625228e+44, 1.0161464221355674e+44, 8.47844666161609e+43, 7.076137972938207e+43, 5.901145085647613e+43, 4.888890299339501e+43, 4.0430237482969623e+43, 3.338376329179642e+43, 2.7681925298617296e+43, 2.3023762269910304e+43, 1.923739632561688e+43, 1.597740677998642e+43, 1.2849797756473816e+43, 9.388285591122588e+42, 6.336454086380051e+42, 4.319826380915016e+42, 2.907343138769782e+42, 1.8063266621330078e+42, 1.0459147612420382e+42, 6.300808674173889e+41, 4.444227602020169e+41, 6.1009335157413755e+41, 3.634932013188452e+41, 4.0289909543864195e+41, 1.5293126903154558e+41, 1.069538179666332e+41, 7.191115965571149e+40, 4.166738949785422e+40, 1.9399757103605518e+40, 8.597977263650907e+39, 7.022573483990634e+39, 5.993717813483026e+39, 4.931695936497374e+39, 3.86541646601031e+39, 2.904666609557626e+39, 2.1246935149962176e+39, 1.494157201434083e+39, 1.0013739568713258e+39, 6.286317216356991e+38, 3.660128158202693e+38, 1.9440001421250615e+38, 8.806357102231953e+37, 3.1695404039291175e+37, 7.356924384762054e+36, 6.0883034803304305e+35, 1.7029280235791595e+34, 1.273785475093006e+34, 1.5480903102966368e+34, 1.8569332484131238e+34, 2.1902631292752645e+34, 2.532773142807995e+34, 4.861791078392137e+18, 
4, 42.0, 12.40612417186194, 3.942723235997242e+20, 1.411875143292383e+23, 2.1027918850072054e+29, 6.134741850142454e+29, 9.722910595797056e+29, 1.4682374331425462e+30, 2.201893413400807e+30, 3.4498188617098017e+30, 5.149870310820561e+30, 7.70541958331186e+30, 1.1292661033982105e+31, 1.6098903322020423e+31, 2.237671303209163e+31, 3.039459020191213e+31, 3.705068931971457e+31, 4.394366673172825e+31, 2.3812022943909424e+31, 3.2945514360497735e+31, 4.419735628829786e+31, 6.846936376999739e+31, 1.2980645583555277e+32, 4.4238082309940687e+30, 6.558375707666225e+30, 9.655978550047997e+30, 1.9355138900409278e+31, 2.7848146331853247e+31, 4.211107153147693e+31, 7.161372963798095e+31, 1.1370938020725345e+32, 1.746611407651464e+32, 2.6989590318218637e+32, 4.361102482169621e+32, 7.131752981339264e+32, 1.074969871548621e+33, 1.736985897078882e+33, 2.840509802437317e+33, 4.408555294714439e+33, 6.791978341449985e+33, 1.1007692583671582e+34, 1.7570992458241951e+34, 2.7554738404963957e+34, 4.30027562383767e+34, 6.846936376999753e+34, 1.0944509242292712e+35, 1.743396992034182e+35, 2.7466055439962886e+35, 4.3310808638510274e+35, 6.840633018795334e+35, 1.0784407563906062e+36, 1.6978381675809302e+36, 2.6668358971141074e+36, 4.139008252768167e+36, 6.441637661370964e+36, 9.736352576449344e+36, 1.4500944566234042e+37, 2.1120115667198857e+37, 3.0025917870266365e+37, 4.1504605698858178e+37, 5.552598767349661e+37, 7.219319996333181e+37, 9.067682232896045e+37, 1.098237559326819e+38, 1.293886829933434e+38, 1.4784147688249134e+38, 1.635672274941596e+38, 1.768871531318577e+38, 1.8767062154716874e+38, 1.9498279536166873e+38, 2.0067639578007284e+38, 2.0591893922911516e+38, 2.0725083660895847e+38, 2.0839931750469362e+38, 2.085913487895439e+38, 2.0763295859777377e+38, 2.053034712037661e+38, 2.01788444399752e+38, 1.9787744419693784e+38, 1.929728861638979e+38, 1.8736837589092575e+38, 1.7992698073640045e+38, 1.7155220019121895e+38, 1.6322861376070537e+38, 1.5427526189625935e+38, 1.4457602910768605e+38, 1.3381237912754446e+38, 1.1803105590619588e+38, 9.464469855689464e+37, 7.061489087986362e+37, 5.316138565610196e+37, 3.90208110815413e+37, 2.654582899174903e+37, 1.7080331381777493e+37, 1.141290736745652e+37, 8.6019376903583e+36, 1.1035608686044628e+37, 6.872207946181555e+36, 6.681843389631736e+36, 2.5473950017305328e+36, 1.710788382195202e+36, 1.1329123010308994e+36, 6.959792510256872e+35, 3.877004386202495e+35, 2.262540137522792e+35, 1.7506377627756776e+35, 1.3598665537828505e+35, 1.0244630342277064e+35, 7.424997167969031e+34, 5.219108101597025e+34, 3.544837181626476e+34, 2.304073305638324e+34, 1.4200259874452026e+34, 8.22424978876718e+33, 4.3862794015562274e+33, 2.101339829412749e+33, 8.519150534287023e+32, 2.6539717292399627e+32, 5.544932865297063e+31, 4.7730533906043814e+30, 6.3796417621186025e+28, 2206969301940.8613, 
4, 42.0, 13.40612417186194, 3.942723235997242e+23, 7.634775871947685e+21, 2.1468232614239573e+28, 6.263200177164339e+28, 9.949386277251415e+28, 1.4989815669528415e+29, 2.247999924656763e+29, 3.522056287559024e+29, 5.257705936290658e+29, 7.866767091137463e+29, 1.152912352571949e+30, 1.6436006045843332e+30, 2.284526985005856e+30, 3.10310372282467e+30, 3.7826511625082916e+30, 4.485349533720508e+30, 2.431063441039024e+30, 3.36353764216904e+30, 4.506052966493467e+30, 6.979049720204959e+30, 1.3237204928739755e+31, 4.323110061698069e+29, 6.409088850543844e+29, 9.414479028318174e+29, 1.9001867802342854e+30, 2.727698044424623e+30, 4.109569148153902e+30, 7.011263550055929e+30, 1.113771991600348e+31, 1.7092134132760868e+31, 2.641169614983479e+31, 4.273623830034186e+31, 6.995138091367552e+31, 1.0538924477406369e+32, 1.705282331511911e+32, 2.7912342939176322e+32, 4.330083710433591e+32, 6.674155059748066e+32, 1.0826704721139939e+33, 1.729801591490722e+33, 2.7145402923516786e+33, 4.2402971534327606e+33, 6.757659301820739e+33, 1.08142471891992e+34, 1.7246314134888998e+34, 2.7195452686992037e+34, 4.292361514801552e+34, 6.785725578163529e+34, 1.0710168224427215e+35, 1.6877040490970754e+35, 2.6539717292399685e+35, 4.121889000291903e+35, 6.420905708888712e+35, 9.711723122560865e+35, 1.4474257426510316e+36, 2.1095814227167662e+36, 3.0012093607486486e+36, 4.1514163587845886e+36, 5.558995114250947e+36, 7.232630731093188e+36, 9.092771811391987e+36, 1.1025449194160697e+37, 1.3007573612669926e+37, 1.488319912645948e+37, 1.6496670208760863e+37, 1.788118483100769e+37, 1.9023757109193343e+37, 1.98333598816058e+37, 2.0492563633950895e+37, 2.1129844079776204e+37, 2.1384361738122956e+37, 2.165191394558054e+37, 2.183716684697529e+37, 2.194806776117343e+37, 2.193796262941524e+37, 2.1832139232337487e+37, 2.171682303183697e+37, 2.151276793331559e+37, 2.1242043425549574e+37, 2.0768077335796822e+37, 2.0146346183030665e+37, 1.9475844229546124e+37, 1.8642162629983454e+37, 1.7680571234134333e+37, 1.6733866207428472e+37, 1.5577447359971975e+37, 1.446759331921903e+37, 1.3237204928739756e+37, 1.2044708457213375e+37, 1.07993170703128e+37, 9.574063251477606e+36, 8.386800112389973e+36, 7.318065500692472e+36, 6.33864299807821e+36, 5.416219947793919e+36, 4.4319646969800295e+36, 3.277149790250621e+36, 2.2049375438975045e+36, 1.4828468274407796e+36, 9.678237879480958e+35, 5.8116077245558385e+35, 3.1593394636559805e+35, 1.6791762860166298e+35, 1.121492290222534e+35, 1.1015299055206744e+35, 7.640051610246703e+34, 5.912842247607913e+34, 2.7139153183060876e+34, 1.7881184831007655e+34, 1.1721853583251167e+34, 7.158075788932581e+33, 4.112408918660709e+33, 2.422123550334799e+33, 1.6753142877281084e+33, 1.1381415866162718e+33, 7.360313153878823e+32, 4.475033516059417e+32, 2.5107084968626093e+32, 1.238215660019711e+32, 5.318587301691942e+31, 1.7250285702698696e+31, 3.997571979786171e+30, 4.558230600711666e+29, 1.1716456712957255e+28, 2.1817063332464898e+24, 2.1867356857606905e+24, 2.146823261423957e+24, 2.0644116077049438e+24, 1.9489302313847515e+24, 2017419862422489.2, 
4, 42.0, 14.40612417186194, 3.9427232359972427e+24, 1.193428190632713e+21, 2.1468232614239574e+27, 6.277638344702239e+27, 9.949386277251417e+27, 1.502437076339049e+28, 2.247999924656763e+28, 3.5301754658256074e+28, 5.269826200217389e+28, 7.884901862185912e+28, 1.155570090027582e+29, 1.6473894952828846e+29, 2.289793363601678e+29, 3.1102571156861937e+29, 3.7913710740035286e+29, 4.4956893322583436e+29, 2.431063441039024e+29, 3.3635376421690406e+29, 4.516440491372855e+29, 6.995138091367552e+29, 1.326771983758643e+30, 4.313167184468092e+28, 6.394348355232016e+28, 9.392826327409144e+28, 1.895816471914521e+29, 2.7214245130111037e+29, 4.1001174013963326e+29, 6.995138091367552e+29, 1.1112103871034363e+30, 1.705282331511911e+30, 2.6350950934351986e+30, 4.263794767978698e+30, 6.97904972020496e+30, 1.0514685623729418e+31, 1.7013602909849084e+31, 2.7848146331853247e+31, 4.32311006169807e+31, 6.66494074027072e+31, 1.0809268190869977e+32, 1.7290051718155183e+32, 2.7089207031644893e+32, 4.234443011252855e+32, 6.742117116717633e+32, 1.0809268190869977e+33, 1.721061114653979e+33, 2.7151654103194316e+33, 4.2884099238007157e+33, 6.779478571233579e+33, 1.0700308336291712e+34, 1.6861503318462127e+34, 2.6515284562850753e+34, 4.1190426834379834e+34, 6.416471835939827e+34, 9.707251738436265e+34, 1.4467593319219031e+35, 2.1086101482308637e+35, 2.9998275709549215e+35, 4.1504605698858225e+35, 5.557715255677547e+35, 7.230965548041377e+35, 9.092771811391988e+35, 1.1025449194160696e+36, 1.3010569062030221e+36, 1.489005467137479e+36, 1.6508069641604224e+36, 1.7893540983071186e+36, 1.9045671631552048e+36, 1.986077961741142e+36, 2.053034712037659e+36, 2.1178553400929004e+36, 2.1448468744278957e+36, 2.1731829664241556e+36, 2.193796262941524e+36, 2.206969301940857e+36, 2.2090029321645605e+36, 2.2018934134008072e+36, 2.193796262941524e+36, 2.1776911808896613e+36, 2.155739563981263e+36, 2.1129844079776207e+36, 2.0563464812776862e+36, 1.994785911773848e+36, 1.9164447015947297e+36, 1.8255607609450607e+36, 1.7353868104651826e+36, 1.6232906693499546e+36, 1.5142455021982118e+36, 1.3909012337226764e+36, 1.2691013098278276e+36, 1.1384036835752465e+36, 1.0062277548768073e+36, 8.735671461232835e+35, 7.495425507703264e+35, 6.332807579849259e+35, 5.28319076382373e+35, 4.3270936274296614e+35, 3.511529266408915e+35, 2.796380676036483e+35, 2.1912720150081977e+35, 1.694713512893814e+35, 1.30225577591312e+35, 9.93107570027255e+34, 7.568264338151154e+34, 5.866732578339315e+34, 4.531023267370717e+34, 3.422128336020234e+34, 2.3735385642320716e+34, 1.5128514726229046e+34, 9.689386779205938e+33, 6.198638257123069e+33, 3.679563416846662e+33, 1.994326648220132e+33, 1.0346567427336688e+33, 6.528242708437606e+32, 5.6858617054454406e+32, 3.629077914114943e+32, 2.2120568916124483e+32, 9.611613358547944e+31, 5.055874584467785e+31, 2.6049314093306865e+31, 1.224041922565172e+31, 5.245613548197414e+30, 1.856933248413124e+30, 4.516440491372855e+29, 5.981309733960071e+28, 1.4648605807529822e+27, 2.922781113459857e+23, 3.0464656968607825e+23, 3.0888462563033506e+23, 4.861791078392137e+20, 
4, 43.0, 12.40612417186194, 3.9427232359972424e+18, 8.507389019309352e+25, 2.1076393209304196e+31, 6.16022099201208e+31, 9.770038887614033e+31, 1.4733173131744301e+32, 2.207477533912517e+32, 3.464944577239773e+32, 5.1700684415922294e+32, 7.735640746758887e+32, 1.134217365630331e+33, 1.616948889238069e+33, 2.2479999246567628e+33, 3.053488525588184e+33, 3.7213137903047316e+33, 4.4177007339428335e+33, 2.4087753174424023e+33, 3.3334680147244965e+33, 4.4843168627184044e+33, 6.951784363758874e+33, 1.3149107996424623e+34, 6.4431210740339666e+32, 9.707251738436263e+32, 1.4387862949977245e+33, 2.797024640618696e+33, 4.0709549117999936e+33, 6.247356543858485e+33, 1.0466375031608485e+34, 1.654231522492859e+34, 2.557974980518979e+34, 3.959098367524637e+34, 6.37817296442467e+34, 1.0382364989833199e+35, 1.570349397890174e+35, 2.5228782480437634e+35, 4.0991734231592175e+35, 6.353255079279597e+35, 9.776790122909821e+35, 1.5732447542847484e+36, 2.4951478930752354e+36, 3.8940030947738526e+36, 6.049177001586978e+36, 9.5652492729589e+36, 1.5170374161529278e+37, 2.3966040690341553e+37, 3.747108705192777e+37, 5.864031470144316e+37, 9.187477580996468e+37, 1.4364691134146926e+38, 2.2423132971388194e+38, 3.492981555227737e+38, 5.3814126134778976e+38, 8.306083493084385e+38, 1.2465115080135043e+39, 1.8437256274509774e+39, 2.66683589711411e+39, 3.7644045731262976e+39, 5.16530882480389e+39, 6.857981233255134e+39, 8.840896215187704e+39, 1.0995026801655102e+40, 1.3170318943877675e+40, 1.5321323846351776e+40, 1.7234404916909896e+40, 1.8719588268748554e+40, 1.9810539021465916e+40, 2.04972827643941e+40, 2.0672656688027645e+40, 2.056820027069951e+40, 2.030936254646161e+40, 1.9574753073581328e+40, 1.8749785009335016e+40, 1.7803127099040087e+40, 1.670691612684768e+40, 1.5520163508593137e+40, 1.4292108098761474e+40, 1.311282581712098e+40, 1.197281556132989e+40, 1.0869167770612133e+40, 9.684925678979468e+39, 8.262211200989262e+39, 6.37670450489497e+39, 4.551937520519433e+39, 3.25984005902085e+39, 2.2876853568976357e+39, 1.4807996133317736e+39, 8.974211330047642e+38, 5.68324387218932e+38, 4.140914775468072e+38, 5.735830280284703e+38, 3.478534318235905e+38, 3.860968801616592e+38, 1.500362815988181e+38, 1.0656051048362788e+38, 7.266015037708994e+37, 4.294338675552241e+37, 2.07967893239389e+37, 1.004144681500776e+37, 8.536823301958147e+36, 7.495425507703263e+36, 6.331349564882864e+36, 5.0792114412235535e+36, 3.8922102529270046e+36, 2.8793621560137846e+36, 2.0262652308800106e+36, 1.3439907891156446e+36, 8.224249788767181e+35, 4.6057068539410896e+35, 2.317374865992395e+35, 9.801584590222233e+34, 3.292276426393309e+34, 7.23596224768527e+33, 6.412041024744281e+32, 6.820187153485526e+30, 2.1124979313475046e+27, 2.2845269850058556e+27, 2.4422847200363374e+27, 2.5810492546193847e+27, 2.6840851688767566e+27, 22069693019.40861, 
4, 43.0, 13.40612417186194, 3.942723235997242e+19, 1.74902610811768e+24, 2.6169552264057545e+30, 7.634775871947717e+30, 1.2128198387655283e+31, 1.8272429390956135e+31, 2.7402885265404793e+31, 4.303247175221163e+31, 6.409088850543844e+31, 9.589507261260962e+31, 1.4086279205722949e+32, 2.0035320417749258e+32, 2.784814633185325e+32, 3.782651162508292e+32, 4.61313636217006e+32, 5.473892854830929e+32, 2.963441048953068e+32, 4.103895488685947e+32, 5.505493983146626e+32, 8.530928309627806e+32, 1.6169488892380688e+33, 5.556435691768549e+31, 8.237516401997362e+31, 1.2128198387655284e+32, 2.431063441039024e+32, 3.4978106226167214e+32, 5.2844074035187955e+32, 8.984549222489973e+32, 1.4262520851020044e+33, 2.1907675140656e+33, 3.3852932271064035e+33, 5.468853534244778e+33, 8.941209941810348e+33, 1.347709508137247e+34, 2.1771898066896892e+34, 3.5595597912589147e+34, 5.524542161812651e+34, 8.511307718981283e+34, 1.3787841819629335e+35, 2.2008796374592513e+35, 3.45061330331821e+35, 5.385131245839056e+35, 8.572278898516229e+35, 1.3702388990714177e+36, 2.1827112775217512e+36, 3.438715865162467e+36, 5.422459192358718e+36, 8.564387172706267e+36, 1.3501943687342968e+37, 2.1256721978519407e+37, 3.338845262741329e+37, 5.18198668022914e+37, 8.064849964423706e+37, 1.2189791922118489e+38, 1.8155001634198206e+38, 2.644212124948701e+38, 3.758341957032263e+38, 5.19512847807292e+38, 6.950183840528426e+38, 9.034337118682126e+38, 1.1344785588999955e+39, 1.3737138988582698e+39, 1.618066223829884e+39, 1.848401415130591e+39, 2.043601874373019e+39, 2.2090029321645606e+39, 2.3420507001543245e+39, 2.4310634410390293e+39, 2.49974836123686e+39, 2.5615113958606987e+39, 2.574520132640552e+39, 2.584022508602526e+39, 2.5810492546193794e+39, 2.5626912871109756e+39, 2.5263661419479753e+39, 2.475120187389198e+39, 2.4165528207551414e+39, 2.344208802256194e+39, 2.2609777698497087e+39, 2.1527633560755964e+39, 2.028599398334523e+39, 1.9001867802342853e+39, 1.7587183395420882e+39, 1.6102610658307167e+39, 1.4706058604952974e+39, 1.3237204928739756e+39, 1.1928787231697159e+39, 1.0695381796663318e+39, 9.587299449807525e+38, 8.491732254441018e+38, 7.230965548041378e+38, 5.576944112068837e+38, 4.004942565981827e+38, 2.893985110431236e+38, 2.0384323000651797e+38, 1.3170318943877664e+38, 7.803623220411732e+37, 4.5289371344311585e+37, 3.1753842938867967e+37, 3.400919030673603e+37, 2.2808477284866654e+37, 1.8788680975901146e+37, 7.972532390274944e+36, 5.2807583246972763e+36, 3.4450560516093167e+36, 2.099405314919747e+36, 1.1778671028075344e+36, 6.823328689049518e+35, 4.735832050337591e+35, 3.275640954448664e+35, 2.2039223664047878e+35, 1.4424351346794973e+35, 9.111634542254961e+34, 5.538552698842195e+34, 3.157157822868941e+34, 1.6553746199124867e+34, 7.737422148949343e+33, 3.1195811850460345e+33, 9.942515857925466e+32, 455.82306007116847, 
4, 43.0, 14.40612417186194, 3.9427232359972425e+20, 9.722910595797059e+22, 2.684085168876757e+29, 7.848674028904987e+29, 1.2439310038257886e+30, 1.874115240212696e+30, 2.8105822057308696e+30, 4.413633754401507e+30, 6.588647794499745e+30, 9.83549659431419e+30, 1.4447619401064865e+31, 2.059663592763237e+31, 2.862834830175614e+31, 3.8886270451855805e+31, 4.7292937740895635e+31, 5.620776184709461e+31, 3.0394590201912132e+31, 4.205293310599074e+31, 5.646720508779886e+31, 8.74573456635222e+31, 1.658808653734127e+32, 5.417467222117385e+30, 8.031493132474423e+30, 1.1797671311007977e+31, 2.381202294390943e+31, 3.4181907322756803e+31, 5.149870310820563e+31, 8.786103042941026e+31, 1.3957135421708977e+32, 2.1418857049384183e+32, 3.3097583945399566e+32, 5.355453987626662e+32, 8.765895566693767e+32, 1.3206760202235888e+33, 2.1320446340435012e+33, 3.4978106226167215e+33, 5.424956902174259e+33, 8.359807792959931e+33, 1.3561142899679385e+34, 2.166687572488687e+34, 3.4001360302770657e+34, 5.311244475202712e+34, 8.464402218377833e+34, 1.3545539040963645e+35, 2.1602115925386123e+35, 3.405620821085013e+35, 5.3764584311281826e+35, 8.499557031772096e+35, 1.341208485192036e+36, 2.1139576973484888e+36, 3.3235046622311967e+36, 5.162930659818501e+36, 8.042596718610694e+36, 1.2164556848956145e+37, 1.812993689062071e+37, 2.641777836783266e+37, 3.758341957032263e+37, 5.198718385457191e+37, 6.961395246220029e+37, 9.057248685112663e+37, 1.1386658408912273e+38, 1.380690359142595e+38, 1.6289070101890004e+38, 1.8637870607562473e+38, 2.065838145374979e+38, 2.238702026240856e+38, 2.3817506496108933e+38, 2.4825402145582573e+38, 2.5650527003172712e+38, 2.644212124948701e+38, 2.676062747020165e+38, 2.7089207031644892e+38, 2.731469102892885e+38, 2.744076991423753e+38, 2.742182104737432e+38, 2.7283261924255853e+38, 2.7120412593709638e+38, 2.6853215204350076e+38, 2.6496974777863238e+38, 2.5887868407340012e+38, 2.508974759755813e+38, 2.4232392363273558e+38, 2.317374865992395e+38, 2.1953122072414912e+38, 2.075373621003142e+38, 1.929728861638979e+38, 1.7889421317310557e+38, 1.6341664586631457e+38, 1.4828468274407798e+38, 1.3243302290749863e+38, 1.1667996558169602e+38, 1.011337922266623e+38, 8.673538135972794e+37, 7.340003928214794e+37, 6.144637858834215e+37, 5.064030262417155e+37, 4.1523723677872217e+37, 3.3643122145050174e+37, 2.7045579557675435e+37, 2.1542509460555523e+37, 1.665314610601215e+37, 1.1534434106025075e+37, 7.328182768963443e+36, 4.7511232023156784e+36, 3.0053585502082415e+36, 1.75750387946061e+36, 9.538855992950878e+35, 5.100306697072626e+35, 3.386852571275135e+35, 3.2658504403874822e+35, 2.247999924656763e+35, 1.6974472709008034e+35, 7.652375848003951e+34, 4.933967589433963e+34, 3.136868349973043e+34, 1.849252831470275e+34, 1.0256431700936359e+34, 5.859982139460209e+33, 3.629077914114943e+33, 2206969301940.8613, 
4, 44.0, 12.40612417186194, 3.942723235997242e+20, 1.4886626504280246e+28, 6.632790686850916e+32, 1.9444478162382728e+33, 3.0852921369393423e+33, 4.6568933532645343e+33, 6.95819014329481e+33, 1.092939928398663e+34, 1.6337902212480228e+34, 2.453557794104153e+34, 3.5850588762719284e+34, 5.120310436084594e+34, 7.13175298133925e+34, 9.718434060836767e+34, 1.1838489474039831e+35, 1.4115500844517935e+35, 8.059280887144707e+34, 1.1137719916003455e+35, 1.5247417505797839e+35, 2.37463187085903e+35, 4.42584593913508e+35, 6.62363347490906e+34, 1.0301400980333262e+35, 1.5416872912013493e+35, 2.8281099668053117e+35, 4.212076908046139e+35, 6.709594783224799e+35, 1.0901751853023125e+36, 1.7123648023825303e+36, 2.682231708763447e+36, 4.175382746970294e+36, 6.694163143446849e+36, 1.0854161828527382e+37, 1.6576631849870986e+37, 2.643603342697871e+37, 4.264776656045626e+37, 6.623633474909059e+37, 1.023991360180818e+38, 1.631534615119192e+38, 2.5638717218463856e+38, 3.9782886646438355e+38, 6.137567653784549e+38, 9.582885351710145e+38, 1.492781665349654e+39, 2.3120450517013963e+39, 3.5440210466659394e+39, 5.4274557624925604e+39, 8.298436829430758e+39, 1.26356123120225e+40, 1.9199781766475203e+40, 2.9046666095576246e+40, 4.359797242288678e+40, 6.525237033704137e+40, 9.519547217700544e+40, 1.3683471511477773e+41, 1.9213933901685163e+41, 2.6306089438210832e+41, 3.492780488833469e+41, 4.479899716582208e+41, 5.557459319324771e+41, 6.632943414258864e+41, 7.588156727778464e+41, 8.390663266029042e+41, 8.915512070853327e+41, 9.096122329474639e+41, 8.989722633651296e+41, 8.640647582142006e+41, 8.0475983392929e+41, 7.382548220823141e+41, 6.712994515095144e+41, 5.9661791816173504e+41, 5.2887896267239475e+41, 4.679034984252389e+41, 4.1151179936201254e+41, 3.577637156228459e+41, 2.9882456250131757e+41, 2.2660333244549074e+41, 1.5865592386376699e+41, 1.1200729068950772e+41, 7.698503159414846e+40, 4.87344750474568e+40, 2.861516749537453e+40, 1.733390022229268e+40, 1.192054996277944e+40, 1.5878018087668866e+40, 8.968014305101662e+39, 9.812875579873764e+39, 3.4569754258537353e+39, 2.3398945848228643e+39, 1.5670984907213392e+39, 8.883749261366382e+38, 3.760073136053299e+38, 1.1975572721410762e+38, 9.770038887614034e+37, 9.240517467898616e+37, 8.653589551827417e+37, 7.906718778474222e+37, 6.935795703402859e+37, 5.792903478597774e+37, 4.563481479696399e+37, 3.3434612358062344e+37, 2.1822087475348823e+37, 1.2350834218162372e+37, 6.002004163346087e+36, 2.2693228826101004e+36, 5.6428212393545366e+35, 5.5169149946298035e+34, 9.512535539610479e+32, 2.7592832991648567e+29, 3.279414347187192e+29, 3.870760426837397e+29, 4.547746961247932e+29, 5.318587301691942e+29, 6.20577881279245e+29, 7.158075788932582e+29, 8.19966845207022e+29, 9.263951918820377e+29, 1.0346567427336688e+30, 1.131869330619844e+30, 4.861791078392136e+16, 
4, 44.0, 13.40612417186194, 3.9427232359972424e+21, 4.485349533720509e+26, 1.7490261081176873e+32, 5.11559662701446e+32, 8.115145153438055e+32, 1.223478360203338e+33, 1.8335649240213388e+33, 2.878036466013066e+33, 4.294338675552246e+33, 6.42386332620675e+33, 9.420984566713503e+33, 1.343062713751579e+34, 1.8667935528635567e+34, 2.535690784856771e+34, 3.09026905015747e+34, 3.666876577046336e+34, 1.9952452810890805e+34, 2.760554288716952e+34, 3.711045612857127e+34, 5.751700880991742e+34, 1.0886700925446938e+35, 4.77195448096736e+33, 7.149839491733051e+33, 1.0563219207411824e+34, 2.0830336816716504e+34, 3.016451121007175e+34, 4.606767479239859e+34, 7.765980439600757e+34, 1.22855977674466e+35, 1.896253050050235e+35, 2.932218249263983e+35, 4.732561783093311e+35, 7.723182409941494e+35, 1.1665310211964518e+36, 1.87973354758669e+36, 3.0640531352613835e+36, 4.7544062957636143e+36, 7.323122387637702e+36, 1.1822145289170513e+37, 1.8805993962294987e+37, 2.942363282074972e+37, 4.580324974593103e+37, 7.266015037709e+37, 1.1561023722733315e+38, 1.8331427786983688e+38, 2.8753869168173647e+38, 4.5143610725037365e+38, 7.097351139183113e+38, 1.1132591987273612e+39, 1.7442000409138332e+39, 2.7258144680071855e+39, 4.212076908046144e+39, 6.52223274281636e+39, 9.810616341885177e+39, 1.454776551444995e+40, 2.108610148230868e+40, 2.982608782543762e+40, 4.101061597017501e+40, 5.456275520152221e+40, 7.04524811376626e+40, 8.782057824480038e+40, 1.0543778949183593e+41, 1.229408728956944e+41, 1.3873827561890804e+41, 1.5121549391682156e+41, 1.6069275342933168e+41, 1.6706916126847681e+41, 1.6947135128938128e+41, 1.6970564642175982e+41, 1.6873154856153326e+41, 1.6386880714178727e+41, 1.5819628930106274e+41, 1.5138968744249597e+41, 1.4315162830227581e+41, 1.3381237912754449e+41, 1.2367909318562021e+41, 1.1344785588999955e+41, 1.0294287481831197e+41, 9.259686693482077e+40, 8.209114105554738e+40, 7.206033758283482e+40, 6.309519578944374e+40, 5.489038694851812e+40, 4.756596285001103e+40, 4.101061597017501e+40, 3.3923159344127855e+40, 2.545635931234822e+40, 1.7713170065357024e+40, 1.2545740272634737e+40, 8.775993488638842e+39, 5.763632642612163e+39, 3.624902187964192e+39, 2.4043422735695713e+39, 1.8159182459127617e+39, 2.3571992396848508e+39, 1.4608186081522422e+39, 1.4387862949977216e+39, 5.409987882291485e+38, 3.595806327809893e+38, 2.345828683751909e+38, 1.4109001912702214e+38, 7.613709324528337e+37, 4.2393209013307253e+37, 3.1535251021627515e+37, 2.352861115007606e+37, 1.6986202310148652e+37, 1.1767827465557169e+37, 7.910360795574039e+36, 5.156990036585577e+36, 3.22400934778959e+36, 1.924847344906526e+36, 1.089924192087041e+36, 5.737151156080243e+35, 2.7383962559293236e+35, 1.118912929531525e+35, 3.5432050996057885e+34, 7.360313153878824e+33, 5.931933754331463e+32, 7.375581941985301e+30, 4.8617910783921363e+17, 
4, 44.0, 14.40612417186194, 3.942723235997242e+22, 1.1112103871034363e+25, 2.097955597877239e+31, 6.134741850142455e+31, 9.722910595797057e+31, 1.464860580752982e+32, 2.196829199080448e+32, 3.449818861709802e+32, 5.1498703108205626e+32, 7.705419583311861e+32, 1.1292661033982107e+33, 1.6098903322020426e+33, 2.237671303209163e+33, 3.0394590201912134e+33, 3.7050689319714575e+33, 4.391332200404804e+33, 2.3757256810882477e+33, 3.294551436049774e+33, 4.4156667759438647e+33, 6.840633018795336e+33, 1.296869547122288e+34, 4.383250513348473e+32, 6.498248157764414e+32, 9.545447477590993e+32, 1.9177689920362132e+33, 2.7592832991648577e+33, 4.169618225435162e+33, 7.095717101822557e+33, 1.1269283183957155e+34, 1.7305983780151967e+34, 2.6742148266859613e+34, 4.321119654284807e+34, 7.067995955853119e+34, 1.0653597684398165e+35, 1.721853875113155e+35, 2.817061266852584e+35, 4.3721624733917856e+35, 6.737461435407664e+35, 1.0921852129421566e+36, 1.7437984702467978e+36, 2.7352453748714856e+36, 4.2706727346665324e+36, 6.801368291152482e+36, 1.0876678519538805e+37, 1.7333900222292665e+37, 2.732098119312125e+37, 4.310188782951209e+37, 6.810771222515264e+37, 1.0739802435184696e+38, 1.691594608735281e+38, 2.6582528755280776e+38, 4.127587535894676e+38, 6.425342645706612e+38, 9.713959586922406e+38, 1.4470924989247823e+39, 2.108124678695335e+39, 2.997065899648213e+39, 4.143776206247472e+39, 5.544932865297068e+39, 7.209353023696219e+39, 9.055163416616693e+39, 1.0967213356785726e+40, 1.2923980448481536e+40, 1.4767136603455898e+40, 1.633790221248023e+40, 1.766836214556183e+40, 1.8745468208798176e+40, 1.9480329224740119e+40, 2.0053782130427972e+40, 2.0577674458310996e+40, 2.0710772223853595e+40, 2.0830336816716552e+40, 2.0849531103870049e+40, 2.0753736210031397e+40, 2.051617015612031e+40, 2.0160267593681782e+40, 1.9755876033750404e+40, 1.9244041834490645e+40, 1.8642162629983475e+40, 1.7831845487656316e+40, 1.6888702765068306e+40, 1.5903631065173348e+40, 1.4794363743767357e+40, 1.3608062408384556e+40, 1.246798560942086e+40, 1.12278419947727e+40, 1.008315149537179e+40, 8.941209941810332e+39, 7.908539577372775e+39, 6.929410540412581e+39, 6.043608068653555e+39, 5.244405840089308e+39, 4.5634814796963997e+39, 3.9654848256370716e+39, 3.41111445945962e+39, 2.813172040086405e+39, 2.0979555978772345e+39, 1.4242830055331732e+39, 9.649310739613008e+38, 6.322608521695925e+38, 3.79311746699791e+38, 2.038901720489849e+38, 1.0531646960141825e+38, 6.790414610679961e+37, 6.469880993186014e+37, 4.347066584128854e+37, 3.250845220621565e+37, 1.4295399357172636e+37, 8.988687713160932e+36, 5.616894830799755e+36, 3.256089189046755e+36, 1.7579086062780938e+36, 9.574063251477607e+35, 6.178688380933654e+35, 3.954542909918624e+35, 2.438912908703877e+35, 1.4381238619652969e+35, 8.044448808163521e+34, 4.128538057476333e+34, 220696930194086.16, 
4, 45.0, 12.40612417186194, 3.942723235997242e+20, 5.499159196255232e+33, 2.5941572151865028e+34, 5.533453851756055e+34, 8.647613928081475e+34, 1.3179419820868379e+35, 1.9751327598862976e+35, 3.0464656968607694e+35, 4.595114022124993e+35, 7.017724137182903e+35, 9.931075700272568e+35, 1.4239550900056152e+36, 1.9810539021465927e+36, 2.674830658303013e+36, 3.21733506554692e+36, 3.249348495732734e+36, 3.131095343699666e+36, 4.366126278326484e+36, 6.584098089434721e+36, 1.114541623826752e+37, 1.3286062537706895e+37, 1.209473319224807e+37, 1.943552571080757e+37, 2.930868223736672e+37, 4.951038372993726e+37, 7.685927656039457e+37, 1.2743722100726838e+38, 1.9824228384610594e+38, 3.154977688585592e+38, 4.9738913277837544e+38, 7.825215244956987e+38, 1.2456507456995242e+39, 2.0072260854805397e+39, 3.1260526792745504e+39, 4.945341559396244e+39, 7.908539577372778e+39, 1.2404986396126078e+40, 1.9588279505295343e+40, 3.122455749081709e+40, 4.9298793672149e+40, 7.726917802764394e+40, 1.206691607782266e+41, 1.886845291129783e+41, 2.9143136627259033e+41, 4.448210104884995e+41, 6.638596801289273e+41, 9.824179576243364e+41, 1.4239878781607362e+42, 2.0236075558999205e+42, 2.834042066659173e+42, 3.8770936585553275e+42, 5.2444058400893074e+42, 6.938990490932356e+42, 8.972145179408154e+42, 1.1389280585781086e+43, 1.4096013024232127e+43, 1.7052823315119136e+43, 1.9975437149406363e+43, 2.2756019242806736e+43, 2.507242219858632e+43, 2.6742148266859584e+43, 2.739026867568145e+43, 2.7226780639327864e+43, 2.61033527529256e+43, 2.411550119509537e+43, 2.1691835002372955e+43, 1.9120370010934551e+43, 1.648148320894365e+43, 1.4196990520194442e+43, 1.2158956153210322e+43, 9.942515857925464e+42, 7.41133240730708e+42, 5.127389295150238e+42, 3.572697880554403e+42, 2.4350971496962228e+42, 1.537468732678811e+42, 9.069979225873088e+41, 5.502705778372383e+41, 3.783374151315782e+41, 5.2726178107108255e+41, 2.8378294564736312e+41, 3.2190690485803562e+41, 1.1031289758630149e+41, 7.256986118460959e+40, 4.606131074754665e+40, 2.4968720756212505e+40, 9.867253648112759e+39, 2.5935599571777525e+39, 1.7615553443256e+39, 1.452768091079126e+39, 1.2108665787131558e+39, 1.0181137255005689e+39, 8.605899941329614e+38, 7.247634645162709e+38, 5.988199936833623e+38, 4.76317230712984e+38, 3.524490078355127e+38, 2.3232518536993148e+38, 1.2983634831793798e+38, 5.480198536020391e+37, 1.3228064148994156e+37, 8.37907914020819e+35, 9.54105264860185e+33, 1.2729058790956927e+31, 1.6588086537341268e+31, 2.1468232614239573e+31, 2.765644104093801e+31, 3.546470015421799e+31, 4.507090642994691e+31, 5.704220332723627e+31, 7.148193369874014e+31, 8.8735273523897e+31, 1.088419445849943e+32, 1.3155164778955057e+32, 1.5598983271874248e+32, 1.808823919287113e+32, 2.0511446677195135e+32, 2.262540137522797e+32, 2.421565899981095e+32, 2206969301940.8613, 
4, 45.0, 13.40612417186194, 3.9427232359972424e+21, 2.4254721502813137e+29, 7.901258896629567e+33, 2.318976204857969e+34, 3.678716263595293e+34, 5.555156422456133e+34, 8.288888398534807e+34, 1.301656203033096e+35, 1.9475844229546125e+35, 2.9295188197759667e+35, 4.273623830034186e+35, 6.106555271684932e+35, 8.513267745656589e+35, 1.1606366819726551e+36, 1.4125254855593578e+36, 1.6845980449630118e+36, 9.727389192752656e+35, 1.3384319411405854e+36, 1.8424524666921486e+36, 2.874724910731433e+36, 5.336988811435399e+36, 8.87965908551264e+35, 1.3762467054596036e+36, 2.0426609775967494e+36, 3.833507280034164e+36, 5.644120696561148e+36, 9.04474427335967e+36, 1.472638981681505e+37, 2.3051346149644145e+37, 3.610740625258756e+37, 5.603976331173492e+37, 8.992828110116178e+37, 1.4685755462304152e+38, 2.2320108033713463e+38, 3.569408819103075e+38, 5.798241397701005e+38, 9.007334524129196e+38, 1.3963564400314985e+39, 2.2381866053918245e+39, 3.539943189503986e+39, 5.525814381119434e+39, 8.588084172526102e+39, 1.3529953136516877e+40, 2.128120877712589e+40, 3.32886583827217e+40, 5.156990036585578e+40, 7.976204722642879e+40, 1.2319591070436169e+41, 1.8927632380681877e+41, 2.898653424519459e+41, 4.4112969367626685e+41, 6.649764916674523e+41, 9.968189656172746e+41, 1.453838924628369e+42, 2.084713085106657e+42, 2.9139110632253656e+42, 3.9642149255209996e+42, 5.219588821355182e+42, 6.628973644349353e+42, 8.12561595762857e+42, 9.568553563614837e+42, 1.0780435173117464e+43, 1.1722933255584065e+43, 1.2226898087801338e+43, 1.2228305842500183e+43, 1.1831404221482559e+43, 1.1120294588947883e+43, 1.011570818241114e+43, 9.059751641189601e+42, 8.038708718398066e+42, 6.959472007347087e+42, 5.994131859142157e+42, 5.13376863543606e+42, 4.352004064972127e+42, 3.6694019915942737e+42, 3.0800395439061544e+42, 2.5898003924311548e+42, 2.1797982136512188e+42, 1.8393157611352693e+42, 1.5395588421155674e+42, 1.2456220638613559e+42, 9.147160349874876e+41, 6.2024931361370235e+41, 4.244204410521086e+41, 2.8641535179521187e+41, 1.7831845487656307e+41, 1.0344185316405674e+41, 6.240168147601745e+40, 4.401455266605891e+40, 6.040825525037716e+40, 3.592495992490577e+40, 3.9792048049318216e+40, 1.5076352819773043e+40, 1.0524374468272181e+40, 7.059863307217643e+39, 4.085980525158279e+39, 1.905005756444033e+39, 8.503472123849862e+38, 6.926220163597655e+38, 5.881610928729956e+38, 4.809459725998386e+38, 3.7402126293462204e+38, 2.7835324739038418e+38, 2.0155626054915977e+38, 1.4015102951914869e+38, 9.281032475837319e+37, 5.747729118735389e+37, 3.2983466128223115e+37, 1.7258231582306462e+37, 7.69123874094599e+36, 2.7239321922689527e+36, 6.2229497249013096e+35, 5.036122579793968e+34, 5.5846542698569386e+32, 8.448824565236144e+30, 1.0275342158157355e+31, 1.232526575833115e+31, 1.4581301577462198e+31, 1.6896482091232217e+31, 4.8617910783921363e+17, 
4, 45.0, 14.40612417186194, 3.942723235997242e+22, 5.126208806048593e+27, 2.097955597877239e+33, 6.12909414535246e+33, 9.720672070626849e+33, 1.4658728201688043e+34, 2.1963234186962367e+34, 3.4474366341514336e+34, 5.143944715217846e+34, 7.696553495887449e+34, 1.1284863033738902e+35, 1.6087786433658803e+35, 2.2361261083862577e+35, 3.037360161285652e+35, 3.7016580084044176e+35, 4.393354949336821e+35, 2.3927443111049226e+35, 3.309758394539957e+35, 4.45139662657769e+35, 6.90074997215358e+35, 1.305859017366932e+36, 5.9620593141592745e+34, 8.937093310427411e+34, 1.320676020223589e+35, 2.600736137866297e+35, 3.766138544728185e+35, 5.753025411548908e+35, 9.691618099842179e+35, 1.531779638729176e+36, 2.3648102130963888e+36, 3.655074995686128e+36, 5.897884893265635e+36, 9.618255119558513e+36, 1.452099220674032e+37, 2.3377404544327707e+37, 3.807994323696562e+37, 5.906038753557116e+37, 9.08858539925762e+37, 1.4665480350116248e+38, 2.33128995464555e+38, 3.645828976670452e+38, 5.674090943725737e+38, 8.996970414233775e+38, 1.431845939779806e+39, 2.2698454736773795e+39, 3.5611994066279193e+39, 5.591087543271868e+39, 8.794199070684116e+39, 1.3800546741179153e+40, 2.1622021374819982e+40, 3.3813980069455517e+40, 5.226323549011926e+40, 8.094616768523331e+40, 1.2178569877587663e+41, 1.8059107879296007e+41, 2.617557871994569e+41, 3.701658008404418e+41, 5.08740476407192e+41, 6.762328940142565e+41, 8.725619935024718e+41, 1.0864163486243261e+42, 1.3022557759131188e+42, 1.5159898456906175e+42, 1.7064607057638712e+42, 1.854796605191597e+42, 1.9642478766322127e+42, 2.0337440358729845e+42, 2.0525620377460536e+42, 2.0436018743730192e+42, 2.0188139281307523e+42, 1.946239543854984e+42, 1.8646455640792937e+42, 1.769278875936003e+42, 1.6580449199881723e+42, 1.5356643145486224e+42, 1.4060355204728815e+42, 1.2770158637919737e+42, 1.1468227307262001e+42, 1.0199908886908077e+42, 8.9350357055439e+41, 7.730299000624577e+41, 6.646550247542825e+41, 5.646720508779877e+41, 4.753311679284567e+41, 4.001255575743927e+41, 3.3319332493926663e+41, 2.7899491789537573e+41, 2.3431295027445773e+41, 1.9883658352484037e+41, 1.6888702765068303e+41, 1.3982869109605123e+41, 1.0590008101318638e+41, 7.528289167666404e+40, 5.424956902174253e+40, 3.82909633130913e+40, 2.483683729860337e+40, 1.474674913669619e+40, 8.534857852039959e+39, 5.915565839173226e+39, 6.319697523203365e+39, 4.117146230889778e+39, 3.407189528612546e+39, 1.381644435742742e+39, 8.906278928864979e+38, 5.6350307764139085e+38, 3.2862174113685244e+38, 1.7021439767901523e+38, 8.794199070684115e+37, 5.78890326442338e+37, 3.8503152757360494e+37, 2.515337655132145e+37, 1.616204428188021e+37, 1.0157721289105345e+37, 6.221517002728778e+36, 3.6357690835828074e+36, 1.9851635496068295e+36, 9.821917735713056e+35, 4.216929033367563e+35, 1.4282238869348277e+35, 4.861791078392137e+18, 
4, 46.0, 12.40612417186194, 3.942723235997242e+25, 5.818302438259814e+30, 5.851891864799048e+33, 2.357742067360848e+34, 4.26575877022668e+34, 7.655900708881579e+34, 8.649605344034983e+34, 1.487634673791241e+35, 2.5362747164619705e+35, 5.1297510889630174e+35, 5.933299789819606e+35, 1.0057644765530626e+36, 1.5370793652069102e+36, 2.759918720776865e+36, 3.2953101218958305e+36, 5.1915410496525147e+36, 8.731649462026661e+36, 1.2702707337877972e+37, 2.0459560128700138e+37, 3.38295555688601e+37, 5.354220990734318e+37, 8.311823114460853e+37, 1.3378157123562657e+38, 2.0216049501704097e+38, 3.3845138242699016e+38, 5.289276764683316e+38, 8.753793396226738e+38, 1.3592404562671561e+39, 2.168184784299466e+39, 3.415043911652524e+39, 5.381412613477898e+39, 8.564387172706269e+39, 1.3778320804738438e+40, 2.1502863218385048e+40, 3.4001360302770606e+40, 5.426081246911082e+40, 8.522878402797131e+40, 1.347337173680749e+41, 2.148257280692945e+41, 3.3929486922027934e+41, 5.326798789016052e+41, 8.335780925982541e+41, 1.3053479526427283e+42, 2.0165374520886397e+42, 3.074017194123368e+42, 4.571895470430892e+42, 6.729709109728439e+42, 9.678237879480962e+42, 1.3614330595906511e+43, 1.8840667809368919e+43, 2.542706846001631e+43, 3.3923159344127874e+43, 4.4238082309940596e+43, 5.644120696561148e+43, 7.077767501518666e+43, 8.669544743632864e+43, 1.0396718670034541e+44, 1.2097518428133123e+44, 1.372133262347602e+44, 1.5093720107899173e+44, 1.6121160149833988e+44, 1.6618671082725974e+44, 1.672616175140573e+44, 1.6270327408124386e+44, 1.5180857105012678e+44, 1.3344315220098254e+44, 1.0461556197446117e+44, 7.469581881196889e+43, 5.378934951931731e+43, 3.7896254850676764e+43, 2.442847141623952e+43, 1.4770537253816145e+43, 9.27248826438552e+42, 6.576522228232022e+42, 8.818531942329358e+42, 5.0199141775975435e+42, 5.5092983574922505e+42, 1.935023716722809e+42, 1.2877640364888776e+42, 8.276110723854098e+41, 4.476373255475991e+41, 1.7651283584046053e+41, 4.366628976127673e+40, 2.8242054862354267e+40, 2.253700973768944e+40, 1.7848276790029301e+40, 1.4002200507768545e+40, 1.0846666628208908e+40, 8.247005654637395e+39, 6.110774987896916e+39, 4.371155861673149e+39, 2.9423632820749747e+39, 1.7980273449936963e+39, 9.530074426586988e+38, 3.929129042228736e+38, 9.720672070626857e+37, 6.133329436245507e+36, 6.945384481447736e+34, 6.688000429811344e+32, 9.16212668198243e+32, 1.2459376004074399e+33, 1.6803366206212727e+33, 2.252144709865457e+33, 2.9991369146480766e+33, 3.966398017392725e+33, 5.211902615808275e+33, 6.804501158314277e+33, 8.812442419760346e+33, 1.1295261564663454e+34, 1.4338254751493757e+34, 1.7922405219158104e+34, 2.20442989671283e+34, 2.6594773281359867e+34, 3.141928461256369e+34, 3.620731266529494e+34, 4.0643985929222317e+34, 4.438091914043423e+34, 4.69673754474554e+34, 4.803925817048483e+34, 1.4514306582242215e+25, 
4, 46.0, 13.40612417186194, 3.942723235997242e+26, 3.696547509894872e+30, 1.00785091015398e+35, 3.0095134759464753e+35, 4.8161088321428696e+35, 7.378979305203397e+35, 1.075217421007874e+36, 1.6962751207590924e+36, 2.5697820565664358e+36, 3.9847060788016507e+36, 5.657131738507116e+36, 8.2356198621059e+36, 1.1609039592151347e+37, 1.6337902212480228e+37, 1.978318864768406e+37, 2.453557794104153e+37, 1.8849346255669633e+37, 2.61816065636363e+37, 3.8583026598132277e+37, 6.210067093877187e+37, 1.0747223790831715e+38, 7.671782686080694e+37, 1.2277114107652872e+38, 1.8390616678246438e+38, 3.1783102781613596e+38, 4.864030531538163e+38, 8.115145153438064e+38, 1.2650167975603488e+39, 2.0100010872600932e+39, 3.1688106742969986e+39, 4.963594473468261e+39, 7.906718778474222e+39, 1.2817292411290978e+40, 1.9851635496068295e+40, 3.1455478231478445e+40, 5.054710560341129e+40, 7.906718778474223e+40, 1.2479474338485521e+41, 1.992490651133523e+41, 3.153525102162755e+41, 4.94898676449593e+41, 7.758473701082755e+41, 1.2219861744900291e+42, 1.907112410580973e+42, 2.948738718500508e+42, 4.471593254533415e+42, 6.737461435407657e+42, 9.965665189350517e+42, 1.447825736422258e+43, 2.0750391372547217e+43, 2.9072092537531916e+43, 4.025281824961297e+43, 5.448742601700522e+43, 7.191115965571144e+43, 9.300285748805497e+43, 1.1708366066118382e+44, 1.4367999107343894e+44, 1.7044972007736458e+44, 1.9615360416050143e+44, 2.180701851658637e+44, 2.342590039348582e+44, 2.4137722624295578e+44, 2.412105463379028e+44, 2.322182202997274e+44, 2.152763356075596e+44, 1.9399757103605506e+44, 1.7068536781030343e+44, 1.462164691611706e+44, 1.2430720234454195e+44, 1.0558355785125917e+44, 8.828690499038846e+43, 7.418161641210859e+43, 6.267528137225396e+43, 5.299028951886926e+43, 4.462685608622385e+43, 3.6337604383966753e+43, 2.69250359813656e+43, 1.8423676205741305e+43, 1.2747830853579345e+43, 8.619186785048133e+42, 5.37522059834076e+42, 3.1092546488396446e+42, 1.8536011590354932e+42, 1.2613229339421134e+42, 1.6742730719221756e+42, 9.406028543951251e+41, 1.0290495624696197e+42, 3.604095517477514e+41, 2.4265893787162655e+41, 1.6132300099906295e+41, 9.08440091459342e+40, 3.8123809638470605e+40, 1.1934281906327084e+40, 9.403646445716044e+39, 8.599957249024112e+39, 7.792849560406838e+39, 6.905518488155945e+39, 5.891098609596409e+39, 4.800608528539001e+39, 3.704215906534276e+39, 2.6699079734951794e+39, 1.72900517181552e+39, 9.774539192948218e+38, 4.771954480967355e+38, 1.823460215850778e+38, 4.498795917283018e+37, 4.135197840316274e+36, 7.279411867185785e+34, 6.126272243006836e+33, 8.003801187755492e+33, 1.0382364989833221e+34, 1.3405909780563003e+34, 1.7190808099943436e+34, 2.1832139232337486e+34, 2.7390268675681396e+34, 3.374397901722957e+34, 4.084099294791328e+34, 4.828322744020938e+34, 5.546209780277428e+34, 4.861791078392136e+22, 
4, 46.0, 14.40612417186194, 3.942723235997243e+21, 1.2439310038257886e+30, 7.0842893692649825e+34, 2.0763295859777418e+35, 3.293034588338714e+35, 4.970456671800822e+35, 7.424997167969032e+35, 1.165993937486055e+36, 1.7429956062546994e+36, 2.6175578719945688e+36, 3.8238098918137423e+36, 5.460045883842571e+36, 7.60670006746878e+36, 1.0356101357968763e+37, 1.26065512101419e+37, 1.5007083270705048e+37, 8.501514352440173e+36, 1.1705670425560665e+37, 1.6006496807513515e+37, 2.492276900896594e+37, 4.654749268353241e+37, 5.862681382440071e+36, 9.009408778347666e+36, 1.3328960849829253e+37, 2.5497423200474105e+37, 3.7264585283415073e+37, 5.916928105375692e+37, 9.722910595797078e+37, 1.5208847049004219e+38, 2.3768199951516985e+38, 3.6812583086544365e+38, 5.9210167865290685e+38, 9.684925678979465e+38, 1.4672235608739812e+39, 2.3528611150076066e+39, 3.832624683979004e+39, 5.952457350276421e+39, 9.212898623995953e+39, 1.480799613331774e+40, 2.3469092265685785e+40, 3.668565625002978e+40, 5.709476534004323e+40, 9.02394193878962e+40, 1.425923716229316e+41, 2.24076489684736e+41, 3.49056952223258e+41, 5.428705624255852e+41, 8.442990339289232e+41, 1.3073633088940547e+42, 2.019278830738233e+42, 3.103103722824664e+42, 4.7211336211515564e+42, 7.152968167695087e+42, 1.053479993374599e+43, 1.5254089575665798e+43, 2.15296164203936e+43, 2.957101913780157e+43, 3.9316440508911387e+43, 5.040995297909361e+43, 6.241461448238082e+43, 7.424997167969036e+43, 8.456025663185614e+43, 9.300499898264232e+43, 9.821691580303152e+43, 9.956261444134496e+43, 9.77453919294822e+43, 9.332463334528161e+43, 8.633090474791612e+43, 7.86531811254668e+43, 7.09816829896835e+43, 6.24649349927395e+43, 5.462435128290382e+43, 4.741232932520229e+43, 4.064913349815172e+43, 3.4554474474596264e+43, 2.912234163877978e+43, 2.4444788967550037e+43, 2.0365556988737442e+43, 1.6891814065639023e+43, 1.3885332770411546e+43, 1.1367011316025256e+43, 9.344074498785232e+42, 7.684865879239295e+42, 6.347113906894574e+42, 5.2617025385666816e+42, 4.215958161354576e+42, 3.071823739350315e+42, 2.0753736210031404e+42, 1.4301984147952018e+42, 9.767789512002854e+41, 6.257434212351913e+41, 3.820289654129825e+41, 2.4434096927288315e+41, 1.7910029135271696e+41, 2.3120450517013966e+41, 1.3889809594386324e+41, 1.378149374563188e+41, 5.008368695372809e+40, 3.270365497684406e+40, 2.095059166350688e+40, 1.218417960786749e+40, 6.085500358455548e+39, 2.938977710424895e+39, 2.089278294192216e+39, 1.528960593593319e+39, 1.0947029598831506e+39, 7.633018102215082e+38, 5.2323440413684695e+38, 3.538313360731098e+38, 2.3329009090345314e+38, 1.4962228824866098e+38, 9.24903221959402e+37, 5.393818050747376e+37, 2.873401355769433e+37, 1.3234157300550208e+37, 4.709733055867039e+36, 1.0466375031608487e+36, 7.633018102215066e+34, 8.74573456635222e+32, 4.861791078392137e+17, 
4, 47.0, 12.40612417186194, 3.9427232359972424e+27, 1.2485222672302758e+32, 1.0861662208135474e+35, 5.0640302624171534e+35, 9.126332604020036e+35, 1.634919193438869e+36, 1.8620712397212846e+36, 3.3915349147243183e+36, 5.855935604988746e+36, 1.1697587227052319e+37, 1.4141526521152544e+37, 2.3812022943909376e+37, 3.6374438027102207e+37, 6.875373443722923e+37, 8.58017789622259e+37, 1.4096013024232133e+38, 2.3817506496108907e+38, 3.657600704294194e+38, 5.712106450629726e+38, 9.332463334528163e+38, 1.4883199126459478e+39, 2.372445760975501e+39, 3.8449995414263854e+39, 5.850544572020444e+39, 9.563047046470656e+39, 1.518085710501267e+40, 2.4882630607907735e+40, 3.860079883040341e+40, 6.149025475567388e+40, 9.678906451560393e+40, 1.5365839492181916e+41, 2.444535183609705e+41, 3.899235738053576e+41, 6.119927712145406e+41, 9.670663956069305e+41, 1.5362301784195625e+42, 2.4200051619256255e+42, 3.823369684771817e+42, 6.088303480330433e+42, 9.589507261260977e+42, 1.5038215094822616e+43, 2.339894584822864e+43, 3.6207312665294947e+43, 5.49283169836008e+43, 8.18834801314586e+43, 1.1841215700834886e+44, 1.6892591980336249e+44, 2.3479902671081973e+44, 3.1871044179602955e+44, 4.2618316699789345e+44, 5.5628364586361734e+44, 7.201057725368802e+44, 9.143159423261396e+44, 1.141553558906731e+45, 1.4083036093462868e+45, 1.705675032489138e+45, 2.029066554389214e+45, 2.3479902671081972e+45, 2.639953591448028e+45, 2.8385483253272293e+45, 2.860857936807899e+45, 2.588786840733998e+45, 2.178694275693097e+45, 1.781542931210483e+45, 1.3702388990714163e+45, 9.591715581140334e+44, 6.181534427361801e+44, 4.023428540943415e+44, 2.901324412832238e+44, 4.172499490705166e+44, 2.294015206120593e+44, 2.641169614983476e+44, 9.21502021654744e+43, 6.207207910695598e+43, 3.994811508434317e+43, 2.1827112775217524e+43, 8.44104649272187e+42, 2.0707911122572788e+42, 1.3945570718432944e+42, 1.1502077574984446e+42, 9.421201495397235e+41, 7.66048545546452e+41, 6.187372921572219e+41, 4.958728064570127e+41, 3.94030729157683e+41, 3.0950401864938848e+41, 2.395500646165526e+41, 1.8158764333313172e+41, 1.337322933612407e+41, 9.45031516517321e+40, 6.265219519817158e+40, 3.762671399864002e+40, 1.9462395438549837e+40, 7.771346842114934e+39, 1.8526624204559952e+39, 1.1724552950547681e+38, 1.453102641809233e+36, 1.5819628930106264e+35, 2.1217601691774084e+35, 2.8131720400864046e+35, 3.684650434748423e+35, 4.76756137187848e+35, 6.095316935242645e+35, 7.70541958331186e+35, 9.622685509787054e+35, 1.1890395278740608e+36, 1.4534372695813648e+36, 1.7558859037868315e+36, 2.0945768166848375e+36, 2.4717030435039793e+36, 2.8753869168173645e+36, 3.300625817063595e+36, 3.730751242880984e+36, 4.151416358784588e+36, 4.5278944281684776e+36, 4.839453177462847e+36, 5.061698727195646e+36, 5.1724498944045954e+36, 5.1309323937993626e+36, 1.7897661597529088e+23, 
4, 47.0, 13.40612417186194, 3.942723235997242e+26, 5.551320381420024e+35, 2.662540927772771e+36, 5.771600898383467e+36, 9.082309394785308e+36, 1.390581003747268e+37, 2.0715541604466473e+37, 3.221041292493826e+37, 4.868512532936753e+37, 7.507516447759845e+37, 1.0609533595273003e+38, 1.530721888216753e+38, 2.136467508053095e+38, 2.9654888287046956e+38, 3.5883623585986345e+38, 3.852975898143848e+38, 4.0681437668186095e+38, 5.872138527880721e+38, 8.871484382423953e+38, 1.4828468274407783e+39, 1.9190941975811605e+39, 2.149296306369421e+39, 3.470533911312902e+39, 5.280758324697276e+39, 8.669544743632864e+39, 1.371185753564575e+40, 2.2495533244549445e+40, 3.493785936557922e+40, 5.569244598902624e+40, 8.775993488638836e+40, 1.3899407649610462e+41, 2.209511632450795e+41, 3.533428375377166e+41, 5.541741863889899e+41, 8.751374967858594e+41, 1.3915419149229702e+42, 2.1917261651888306e+42, 3.460081212388032e+42, 5.5108208432142384e+42, 8.681530439845924e+42, 1.3609002452501542e+43, 2.1164416149334765e+43, 3.2771497902506226e+43, 4.98306201812895e+43, 7.44897115161657e+43, 1.0819228480969937e+44, 1.5509446261484603e+44, 2.1676855987762106e+44, 2.9607128754429476e+44, 3.979204804931822e+44, 5.2227145792409004e+44, 6.788851239930793e+44, 8.645622970615649e+44, 1.0811757403420393e+45, 1.3319756709225421e+45, 1.606927534293316e+45, 1.9028137995495387e+45, 2.188750671550438e+45, 2.4569498520761633e+45, 2.6742148266859583e+45, 2.824205486235428e+45, 2.8694343460368684e+45, 2.8333243390258855e+45, 2.7008240507524045e+45, 2.4831119063832637e+45, 2.2248272354111536e+45, 1.952973239082282e+45, 1.6780167526659627e+45, 1.4411072144477473e+45, 1.2311083937009071e+45, 1.0048385597026754e+45, 7.474743468107769e+44, 5.162930659818505e+44, 3.592495992490576e+44, 2.4456611929176455e+44, 1.5420423186913089e+44, 9.086492916047219e+43, 5.504226442245756e+43, 3.7823898752475803e+43, 5.262550693166064e+43, 2.8352169222536123e+43, 3.2142251307164557e+43, 1.1017582021457098e+43, 7.247968418757937e+42, 4.6011171634943646e+42, 2.494745755160552e+42, 9.867253648112758e+41, 2.5995387303483552e+41, 1.765616148781667e+41, 1.4551115646934394e+41, 1.2117033046749185e+41, 1.0174106803055397e+41, 8.582153782668106e+40, 7.209353023696214e+40, 5.941502611412286e+40, 4.712987548137355e+40, 3.4769327627826494e+40, 2.286632081401845e+40, 1.275252819325479e+40, 5.375220598340758e+39, 1.2980645583555277e+39, 8.241310792115014e+37, 9.689386779205956e+35, 3.9418154949339067e+34, 5.161741987957315e+34, 6.729709109728436e+34, 8.725619935024711e+34, 1.1248543504997448e+35, 1.4407754254488947e+35, 1.8360998382314956e+35, 2.3157746329105627e+35, 2.893318822445952e+35, 3.5702308004873116e+35, 4.341065036376843e+35, 5.1772160913909354e+35, 6.0366541115177726e+35, 6.883293568238401e+35, 7.636534046468361e+35, 8.22614371030105e+35, 4.861791078392136e+22, 
4, 47.0, 14.40612417186194, 3.942723235997242e+22, 6.634318119192389e+31, 1.0389539351141216e+36, 3.1109733613108487e+36, 4.9842095426695655e+36, 7.643570794296066e+36, 1.1124904520629324e+37, 1.757908606278094e+37, 2.6643807812774275e+37, 4.140914775468073e+37, 5.877549458779295e+37, 8.566359422784683e+37, 1.208638133150504e+38, 1.709607019522556e+38, 2.0734630112616627e+38, 2.591172299905279e+38, 2.0535074951790775e+38, 2.8786992347005755e+38, 4.251050775822528e+38, 6.84220831411252e+38, 1.1784096555718284e+39, 9.08649291604721e+38, 1.4571232649252592e+39, 2.1912720150082023e+39, 3.746246000854458e+39, 5.770272091154795e+39, 9.582885351710145e+39, 1.4941572014340826e+40, 2.374085154609763e+40, 3.743659079389467e+40, 5.877549458779294e+40, 9.358285541943273e+40, 1.5121549391682158e+41, 2.347990267108198e+41, 3.717887911558417e+41, 5.960686657308258e+41, 9.336762082466484e+41, 1.4726389816815043e+42, 2.3485309740957538e+42, 3.710191211396755e+42, 5.814418565557842e+42, 9.083564248878905e+42, 1.4229062675692647e+43, 2.2049375438975035e+43, 3.3807596187702847e+43, 5.07874365010451e+43, 7.575935915639869e+43, 1.109446315872295e+44, 1.5961962726807844e+44, 2.267390341602357e+44, 3.152436101253782e+44, 4.33706860842625e+44, 5.841122203889671e+44, 7.68062023863355e+44, 9.908234859988542e+44, 1.2447905777737675e+45, 1.5254440818102246e+45, 1.8075748594490455e+45, 2.0777643591396246e+45, 2.308321477024903e+45, 2.477400907477125e+45, 2.5497423200474114e+45, 2.5450498443784094e+45, 2.4456611929176456e+45, 2.261498439162522e+45, 2.031403948843856e+45, 1.7790833381108614e+45, 1.5152918672944546e+45, 1.279370381870671e+45, 1.0771998700346048e+45, 8.906278928864973e+44, 7.370488829776928e+44, 6.100933515741376e+44, 5.0199141775975445e+44, 4.127587535894678e+44, 3.3901295323928943e+44, 2.7986352009413063e+44, 2.319083000117804e+44, 1.9319518234883082e+44, 1.6009076957909278e+44, 1.285275687241776e+44, 9.37597179757709e+43, 6.317515153910513e+43, 4.298582757792242e+43, 2.886730842482125e+43, 1.7870894555661936e+43, 1.028670516427569e+43, 6.135165637733395e+42, 4.280911920474624e+42, 5.852296113130342e+42, 3.4252816846451626e+42, 3.7878806998201736e+42, 1.406359309391994e+42, 9.69161809984218e+41, 6.4357074252234446e+41, 3.67194605531802e+41, 1.6591906525194937e+41, 6.856402306507198e+40, 5.391334677601468e+40, 4.482252233921166e+40, 3.601606756180497e+40, 2.7675552033540904e+40, 2.0454849683214887e+40, 1.480799613331774e+40, 1.0375195582687112e+40, 6.980656890815125e+39, 4.442181430759419e+39, 2.6399535914480278e+39, 1.4414390798526366e+39, 6.756103472391909e+38, 2.5043573115840006e+38, 5.903319548366783e+37, 4.5029413702078126e+36, 7.144902263038477e+34, 2.693991941818737e+34, 3.41268569748375e+34, 4.257908185059019e+34, 5.207104486060143e+34, 6.217220815058388e+34, 4.861791078392137e+18, 
5, 42.0, 12.40612417186194, 3.942723235997242e+22, 1.6473894952828778e+23, 9.835496594314189e+29, 2.8694343460368683e+30, 4.547746961247932e+30, 6.85166770704543e+30, 1.0299029268163774e+31, 1.613601512697075e+31, 2.408775317442403e+31, 3.5958063278099006e+31, 5.280758324697265e+31, 7.523090605468926e+31, 1.0447113002738991e+32, 1.417739019549433e+32, 1.729005171815518e+32, 2.0492563633950895e+32, 1.0931916160928339e+32, 1.517037416152928e+32, 2.018349132558725e+32, 3.1246134102440793e+32, 5.952457350276426e+32, 2.10763932093042e+30, 2.902660829798589e+30, 4.185971742922449e+30, 7.740986184115447e+30, 1.131869330619844e+31, 1.5303694670521641e+31, 2.7276980444246225e+31, 5.154615701661772e+31, 6.959792510256872e+31, 1.1625089157150592e+32, 1.7583134262980974e+32, 2.8953181467455535e+32, 4.509166712936232e+32, 7.15313287277004e+32, 1.1622412689602341e+33, 1.7615553443256002e+33, 2.78096992602979e+33, 4.4678264240243394e+33, 7.154780132122619e+33, 1.118912929531525e+34, 1.7486234263355362e+34, 2.758648023847233e+34, 4.395378629993666e+34, 7.0517400162521985e+34, 1.1000091364686437e+35, 1.7522509025062606e+35, 2.7434452170848066e+35, 4.322114743414386e+35, 6.894397072614489e+35, 1.0794344945974499e+36, 1.6877040490970752e+36, 2.6686787185034363e+36, 4.145684925176756e+36, 6.382580372310697e+36, 9.740837365091373e+36, 1.4814817037999287e+37, 2.2309831610522454e+37, 3.328099426826359e+37, 4.89887425809507e+37, 7.148193369874013e+37, 1.022577640623769e+38, 1.4507624035879227e+38, 2.0342123766606385e+38, 2.795736859715524e+38, 3.7826511625082996e+38, 5.008368695372808e+38, 6.489276694855222e+38, 8.209114105554734e+38, 1.0195212736689036e+39, 1.217576598106516e+39, 1.4203529981592938e+39, 1.6039701890364115e+39, 1.7583134262980973e+39, 1.8646455640792928e+39, 1.923961124021554e+39, 1.9440001421250612e+39, 1.9270646834656195e+39, 1.884500653294774e+39, 1.8142464933881758e+39, 1.7301999388862384e+39, 1.6458728920140333e+39, 1.5545199227573717e+39, 1.4561170674010405e+39, 1.3470890078590587e+39, 1.1876713832466048e+39, 9.51910883644441e+38, 7.098985552837996e+38, 5.344367229619738e+38, 3.9218979811579515e+38, 2.668678718503436e+38, 1.7174982069831436e+38, 1.148408219845547e+38, 8.657575594837878e+37, 1.113002890833467e+38, 6.926220163597655e+37, 6.757659301820739e+37, 2.5757060160151375e+37, 1.730996908898716e+37, 1.1457669542342474e+37, 7.006422013176019e+36, 3.8476564905864584e+36, 2.187742946671757e+36, 1.6745429546067562e+36, 1.2879419599555348e+36, 9.58509214666292e+35, 6.837483516127634e+35, 4.711902467579485e+35, 3.122455749081707e+35, 1.9633435153091474e+35, 1.1563686053322053e+35, 6.302259656030638e+34, 3.076778926571997e+34, 1.2935889357784206e+34, 4.147594523306023e+33, 8.824625672844752e+32, 7.199399811433297e+31, 9.179019497117888e+29, 7.70541958331186e+25, 8.72561993502473e+25, 9.880895183877388e+25, 1.1163395012054817e+26, 1.258335045987056e+26, 1.4151298516339446e+26, 1.5805065221271112e+26, 1.7530580297013583e+26, 1.9221899061412757e+26, 2.0739404987343887e+26, 2.1968291990804476e+26, 4.861791078392136e+18, 
5, 42.0, 13.40612417186194, 3.942723235997242e+23, 1.1476152014816097e+22, 9.972321981349496e+28, 2.9093521540706653e+29, 4.621641904874905e+29, 6.96299835126927e+29, 1.0442303037026556e+30, 1.6398204280925785e+30, 2.4422847200363372e+30, 3.645828976670444e+30, 5.355453987626661e+30, 7.634775871947717e+30, 1.0611976811937926e+31, 1.4381238619652969e+31, 1.7530580297013583e+31, 2.078721425343367e+31, 1.1086546741333839e+31, 1.5409774814186824e+31, 2.050200298158232e+31, 3.1680811126719877e+31, 6.036654111517785e+31, 2.0220704955084624e+29, 2.7656441040938008e+29, 3.97005288784349e+29, 7.392584414324625e+29, 1.0759604114797498e+30, 1.4414390798526392e+30, 2.5929628366769096e+30, 4.9407888284264145e+30, 6.619059610937349e+30, 1.1086546741333839e+31, 1.6741574212301451e+31, 2.765644104093801e+31, 4.303247175221163e+31, 6.835909308610163e+31, 1.113771991600348e+32, 1.6857621260799037e+32, 2.665608056540119e+32, 4.292361514801543e+32, 6.888050021618343e+32, 1.0791859742329006e+33, 1.689648209123222e+33, 2.669907973495179e+33, 4.2628131059738013e+33, 6.856402306507191e+33, 1.0717569102414736e+34, 1.7115764107967896e+34, 2.6847032734857657e+34, 4.239320901330726e+34, 6.779478571233579e+34, 1.063399109610559e+35, 1.6664653665917497e+35, 2.639953591448028e+35, 4.110515520370754e+35, 6.338642998078209e+35, 9.689386779205956e+35, 1.4760337651370748e+36, 2.226364622552752e+36, 3.3273331918329885e+36, 4.905646980352098e+36, 7.171273603722193e+36, 1.0275342158157354e+37, 1.4604822809597564e+37, 2.0520894722791964e+37, 2.826157052240493e+37, 3.832624683979003e+37, 5.088576317183961e+37, 6.6144889053879445e+37, 8.396461333226951e+37, 1.0468785281000595e+38, 1.2557300649380679e+38, 1.472978108380068e+38, 1.6741574212301453e+38, 1.8496786866970754e+38, 1.9801418031445666e+38, 2.06631387695531e+38, 2.11590562125535e+38, 2.129591439390855e+38, 2.1183430504539964e+38, 2.0763295859777377e+38, 2.0155626054915977e+38, 1.9489302313847554e+38, 1.865504462848777e+38, 1.769278875936004e+38, 1.6741574212301453e+38, 1.558821159680303e+38, 1.4474257426510319e+38, 1.3246352024893668e+38, 1.2053031521409838e+38, 1.0806779551415915e+38, 9.582885351710144e+37, 8.394528199125805e+37, 7.324808793029237e+37, 6.345944832984317e+37, 5.423707903486748e+37, 4.439113940132269e+37, 3.283948156664447e+37, 2.210020449883085e+37, 1.487634673791241e+37, 9.716196566308165e+36, 5.843812759548055e+36, 3.184903604445087e+36, 1.700968583399259e+36, 1.1415535589067323e+36, 1.1292661033982082e+36, 7.84325422910743e+35, 6.138981043679517e+35, 2.8105822057308694e+35, 1.859928684572493e+35, 1.223478360203338e+35, 7.455835068054421e+34, 4.230544740606461e+34, 2.445098123445372e+34, 1.691205149522205e+34, 1.1523815390463502e+34, 7.483354040242242e+33, 4.574001390971193e+33, 2.584617570279727e+33, 1.2861638309517803e+33, 5.5872266904674885e+32, 1.8356771092901522e+32, 4.273623830034186e+31, 4.7292937740895634e+30, 1.187944886175827e+29, 6.528242708437632e+24, 6.680305015452128e+24, 6.695704708945751e+24, 6.619059610937375e+24, 6.409088850543818e+24, 4.8617910783921365e+19, 
5, 42.0, 14.40612417186194, 3.9427232359972427e+24, 1.580506522127118e+21, 9.995310557705968e+27, 2.9160589034382446e+28, 4.621641904874905e+28, 6.9790497202049605e+28, 1.0466375031608465e+29, 1.6436006045843335e+29, 2.447914767770035e+29, 3.6542334804529856e+29, 5.367799584083393e+29, 7.652375848003951e+29, 1.0611976811937927e+30, 1.4414390798526395e+30, 1.7570992458241918e+30, 2.0835133731264207e+30, 1.1112103871034363e+30, 1.5409774814186825e+30, 2.050200298158232e+30, 3.1753842938868033e+30, 6.050570036438759e+30, 2.012779925495807e+28, 2.752937123681276e+28, 3.942723235997243e+28, 7.358618574247217e+28, 1.0710168224427195e+29, 1.4315162830227596e+29, 2.581049254619385e+29, 4.9294253294547785e+29, 6.588647794499745e+29, 1.1061048391400507e+30, 1.6664653665917465e+30, 2.7529371236812755e+30, 4.2933499813623825e+30, 6.804501158314277e+30, 1.108654674133384e+31, 1.6780167526659613e+31, 2.6594773281359925e+31, 4.2834755504177945e+31, 6.867462432340819e+31, 1.0759604114797498e+32, 1.6857621260799037e+32, 2.6656080565401188e+32, 4.253988312138604e+32, 6.835909308610164e+32, 1.0710168224427194e+33, 1.7092134132760867e+33, 2.6779119442935126e+33, 4.233468106961685e+33, 6.773237315360762e+33, 1.0624201337397374e+34, 1.6653146106012149e+34, 2.638738127783185e+34, 4.108622993822194e+34, 6.337183639611782e+34, 9.687155972291132e+34, 1.4763736736034169e+35, 2.2268773209762147e+35, 3.3280994268263526e+35, 4.907906634538463e+35, 7.174576857805711e+35, 1.0282442565172335e+36, 1.4618280545077308e+36, 2.0544533881116056e+36, 2.8300642308617704e+36, 3.838807126225376e+36, 5.099132443251747e+36, 6.629736877078482e+36, 8.417755212245464e+36, 1.05001690786876e+37, 1.26007470153316e+37, 1.4787552256007393e+37, 1.6822722936973846e+37, 1.8603569982883518e+37, 1.99386749040358e+37, 2.083033681671655e+37, 2.1364675080530954e+37, 2.1542509460555523e+37, 2.148306746714346e+37, 2.1115253140689605e+37, 2.0563464812776863e+37, 1.994785911773848e+37, 1.9168860301027446e+37, 1.8259811602429108e+37, 1.7357864440529687e+37, 1.6236644888755495e+37, 1.5142455021982117e+37, 1.3912215374422486e+37, 1.2691013098278274e+37, 1.1386658408912274e+37, 1.0062277548768073e+37, 8.737683155517198e+36, 7.495425507703264e+36, 6.33426593057466e+36, 5.284407403518796e+36, 4.3270936274296614e+36, 3.5123379189991547e+36, 2.797024640618702e+36, 2.1917766321298098e+36, 1.6951037800304216e+36, 1.3028556249702438e+36, 9.935650182878228e+35, 7.571750455326654e+35, 5.872138527880721e+35, 4.535198416455368e+35, 3.425281684645164e+35, 2.376819995151703e+35, 1.5152918672944537e+35, 9.707251738436265e+34, 6.212927594064506e+34, 3.6905941783678023e+34, 2.0012267175744897e+34, 1.04015076385358e+34, 6.570467816001305e+33, 5.74111560881454e+33, 3.662657358617657e+33, 2.237671303209163e+33, 9.700548521967718e+32, 5.09092023284357e+32, 2.6169552264057548e+32, 1.2268636306140134e+32, 5.269826200217389e+31, 1.865504462848781e+31, 4.5372874334858913e+30, 5.995098076914524e+29, 1.4648605807529822e+28, 2.9498252741297708e+23, 3.0746542968903464e+23, 3.1246134102440926e+23, 4.861791078392137e+20, 
5, 43.0, 12.40612417186194, 3.942723235997242e+22, 3.9065761320970415e+25, 9.707251738436264e+31, 2.8320198453423735e+32, 4.492584892445546e+32, 6.771677899374688e+32, 1.0160060460163932e+33, 1.594763518769679e+33, 2.377367341193782e+33, 3.549737939721635e+33, 5.215504114359387e+33, 7.430127946211384e+33, 1.0318018265319152e+34, 1.4002200507768536e+34, 1.707639894289129e+34, 2.023933749188747e+34, 1.0799317070312802e+34, 1.4989815669528414e+34, 1.9943266482201279e+34, 3.088135105046389e+34, 5.881610928729956e+34, 2.707673486282992e+32, 3.813258898076714e+32, 5.6220705652702034e+32, 1.0289547878669204e+33, 1.5198344777428952e+33, 2.134009224308646e+33, 3.709337006646929e+33, 6.735910256174036e+33, 9.429665611318477e+33, 1.5488033964124011e+34, 2.376272775126194e+34, 3.8770043862024952e+34, 6.02415714609513e+34, 9.578473285912079e+34, 1.548446812305984e+35, 2.3610016595313495e+35, 3.705922153847603e+35, 5.93603280460087e+35, 9.473190970175714e+35, 1.4746749136696172e+36, 2.2940152061205925e+36, 3.6090782005678856e+36, 5.713421863182664e+36, 9.105342621496652e+36, 1.4125254855593575e+37, 2.228416124755989e+37, 3.4673389030348862e+37, 5.419962632516249e+37, 8.546657342839209e+37, 1.3270775194725545e+38, 2.0553997167442445e+38, 3.218817044311172e+38, 4.9498984855179115e+38, 7.550857813199347e+38, 1.141290736745652e+39, 1.717893721093506e+39, 2.5603320478453287e+39, 3.772213737569773e+39, 5.491567072722375e+39, 7.904898398781842e+39, 1.115568627478229e+40, 1.5595391886728818e+40, 2.1522677210586319e+40, 2.906673775338897e+40, 3.85830265981323e+40, 5.004103600282169e+40, 6.338788952407337e+40, 7.822152746312184e+40, 9.448574513112235e+40, 1.0939218382170051e+41, 1.2318456446418317e+41, 1.3384627600297555e+41, 1.4023495915435654e+41, 1.4148040434553357e+41, 1.3813899508718594e+41, 1.3149107996424613e+41, 1.2243801845777333e+41, 1.1199955376719919e+41, 9.990018496942278e+40, 8.503276326422559e+40, 6.542689230411484e+40, 4.652606170602223e+40, 3.321974484136418e+40, 2.3248572536466534e+40, 1.5017453377869353e+40, 9.088585399257614e+39, 5.753025411548901e+39, 4.195621404377247e+39, 5.814284685164067e+39, 3.5448371816264764e+39, 3.930938889721754e+39, 1.540622699088337e+39, 1.1005158260572372e+39, 7.549119364089376e+38, 4.496724622169841e+38, 2.2044298967128326e+38, 1.0891715591080322e+38, 9.394989354615538e+37, 8.350188746788317e+37, 7.148193369874013e+37, 5.818302438259807e+37, 4.525809735780887e+37, 3.3907540748515815e+37, 2.412105463379028e+37, 1.6121160149833987e+37, 9.901392857238687e+36, 5.544932865297074e+36, 2.7739350769915504e+36, 1.1609039592151347e+36, 3.851201945669501e+35, 8.384869202611041e+34, 7.680620238633549e+33, 8.13572559944467e+31, 8.887841321249495e+27, 9.157908338102953e+27, 9.414479028318173e+27, 9.611613358547942e+27, 9.767789512002856e+27, 9.903672999699025e+27, 9.972321981349495e+27, 9.972321981349495e+27, 9.926503323808985e+27, 9.790306592322822e+27, 9.589507261260963e+27, 9.285307533535461e+27, 8.86739985345536e+27, 8.332902346389435e+27, 7.70541958331186e+27, 4.861791078392136e+18, 
5, 43.0, 13.40612417186194, 3.942723235997242e+23, 1.697447270900803e+24, 1.215615677239486e+31, 3.5464700154217992e+31, 5.620776184709461e+31, 8.48782256752824e+31, 1.2729058790956927e+32, 1.9989240459493767e+32, 2.977119671337427e+32, 4.445251041066043e+32, 6.531249767654233e+32, 9.306712378026763e+32, 1.2923980448481509e+33, 1.7534617327062344e+33, 2.1384361738122912e+33, 2.535106987691319e+33, 1.3520610203302882e+33, 1.8762741376428284e+33, 2.4962972157649372e+33, 3.864526523439391e+33, 7.362008123746737e+33, 2.5632814365273993e+31, 3.522056287559024e+31, 5.067529579076978e+31, 9.414479028318172e+31, 1.3733976259573748e+32, 1.8526624204559973e+32, 3.309758394539956e+32, 6.28052996976675e+32, 8.458557235485097e+32, 1.4141526521152547e+33, 2.1379438373711812e+33, 3.522056287559024e+33, 5.4852483105528e+33, 8.70755632418917e+33, 1.4161077264113537e+34, 2.145340800535038e+34, 3.389973414753172e+34, 5.449997365504024e+34, 8.737683155517196e+34, 1.3670874370556976e+35, 2.1374516142816753e+35, 3.375174975014031e+35, 5.382651872193663e+35, 8.645622970615649e+35, 1.349883510781906e+36, 2.152267721058631e+36, 3.372067755127839e+36, 5.319812092679457e+36, 8.493687773180074e+36, 1.3307494407794366e+37, 2.0830336816716548e+37, 3.2960689824558734e+37, 5.123848643141815e+37, 7.892167470603653e+37, 1.2050256527834389e+38, 1.8335649240213387e+38, 2.762461870842705e+38, 4.1209400095359886e+38, 6.0659146085430925e+38, 8.851080534545164e+38, 1.2658909420905492e+39, 1.7959584806755616e+39, 2.517655433940304e+39, 3.458567788497126e+39, 4.6773114815601164e+39, 6.191505917591691e+39, 8.018558322047408e+39, 1.0136692969546569e+40, 1.257755694694085e+40, 1.500362815988181e+40, 1.7482208372636216e+40, 1.9714977798548083e+40, 2.1572292105630512e+40, 2.2824238265826923e+40, 2.3485309740957533e+40, 2.3642657581070486e+40, 2.331826815801305e+40, 2.2656681124695873e+40, 2.163198097674667e+40, 2.038901720489851e+40, 1.9093972482524052e+40, 1.766429432317575e+40, 1.6165766158584222e+40, 1.4756939349285397e+40, 1.3276888019974713e+40, 1.1959039279800347e+40, 1.0717569102414726e+40, 9.60718806605959e+39, 8.50543034610498e+39, 7.24262988529651e+39, 5.584654269856945e+39, 4.010479422456541e+39, 2.8979860617388806e+39, 2.0412504446185524e+39, 1.3188526986694039e+39, 7.81441177506447e+38, 4.535198416455362e+38, 3.1805065355946936e+38, 3.3985705702577257e+38, 2.2840010137848338e+38, 1.8728210943019222e+38, 7.979878746571818e+37, 5.289276764683317e+37, 3.4577715155116675e+37, 2.119806855515094e+37, 1.2064137887577978e+37, 7.138324594455067e+36, 5.0083686953728137e+36, 3.505066744485011e+36, 2.3927443111049275e+36, 1.595865522956172e+36, 1.032990416360283e+36, 6.489276694855222e+35, 3.868087523554545e+35, 2.1597142426992577e+35, 1.1071240686460895e+35, 5.096784746600167e+34, 1.9984638296647458e+34, 6.409088850543844e+33, 1.272612815426991e+33, 1.4784147688249136e+32, 3.546470015421799e+30, 9.221387926077862e+26, 9.053078628216279e+26, 8.765895566693767e+26, 8.352111670177776e+26, 7.848674028904987e+26, 7.240962400119397e+26, 4.8617910783921365e+19, 
5, 43.0, 14.40612417186194, 3.9427232359972427e+24, 1.4021558631702709e+23, 1.2467985609420863e+30, 3.637443802710221e+30, 5.77824952600247e+30, 8.705551566065493e+30, 1.3055583668312365e+31, 2.050200298158232e+31, 3.0534885255881846e+31, 4.568738407460268e+31, 6.711139902399178e+31, 9.545447477590992e+31, 1.3267719837586433e+32, 1.7980273449936998e+32, 2.196829199080448e+32, 2.6049314093306868e+32, 1.389300820947804e+32, 1.9266210115058643e+32, 2.5632814365273994e+32, 3.970052887843491e+32, 7.547381315226032e+32, 2.5222974007343056e+30, 3.4577715155116676e+30, 4.9521785229685584e+30, 9.221387926077862e+30, 1.3421352792578936e+31, 1.7980273449936998e+31, 3.234419095515394e+31, 6.177265849138949e+31, 8.25650583847456e+31, 1.3861055177283458e+32, 2.088316367489962e+32, 3.449818861709802e+32, 5.380173640079149e+32, 8.54665734283922e+32, 1.389300820947804e+33, 2.10763932093042e+33, 3.3327005437103873e+33, 5.362857934024873e+33, 8.605899941329623e+33, 1.3483302942321856e+34, 2.11103917336896e+34, 3.336539666558778e+34, 5.328393530659041e+34, 8.570305285585051e+34, 1.3396652503875605e+35, 2.139421186853752e+35, 3.3558017202616165e+35, 5.300249238879459e+35, 8.478056223708421e+35, 1.329830509056295e+36, 2.0839931750469342e+36, 3.3013859017486175e+36, 5.1403926310793444e+36, 7.926770643947119e+36, 1.2119823417956698e+37, 1.846274588892935e+37, 2.784814633185325e+37, 4.1619445746830664e+37, 6.136154589297167e+37, 8.970079504462676e+37, 1.285275687241777e+38, 1.8268222492958884e+38, 2.5668251880755222e+38, 3.535055954013096e+38, 4.7939808220695515e+38, 6.364968993230765e+38, 8.27363375620198e+38, 1.05001690786876e+39, 1.3088693332981332e+39, 1.5699878532047053e+39, 1.8411801850979277e+39, 2.0926485282890836e+39, 2.3115127449407875e+39, 2.473980614836245e+39, 2.580455014482634e+39, 2.6411696149834737e+39, 2.6564172535690528e+39, 2.6411696149834737e+39, 2.5869991876420646e+39, 2.5095525390606103e+39, 2.4237972720253606e+39, 2.3179085227116725e+39, 2.1958177547588516e+39, 2.0758515484606724e+39, 1.929728861638979e+39, 1.7893540983071188e+39, 1.6341664586631456e+39, 1.4828468274407798e+39, 1.3243302290749861e+39, 1.1667996558169602e+39, 1.0111050799122402e+39, 8.673538135972795e+38, 7.338314024416867e+38, 6.143223166559364e+38, 5.0628643605924455e+38, 4.1514163587845885e+38, 3.3627632481644167e+38, 2.7026903584374504e+38, 2.1527633560755945e+38, 1.6637815052916734e+38, 1.1521162239377288e+38, 7.318065500692473e+37, 4.742379365790697e+37, 2.999136914648077e+37, 1.7530580297013587e+37, 9.505966781881196e+36, 5.079211441223554e+36, 3.37284429182105e+36, 3.2463571129635897e+36, 2.243346158380016e+36, 1.6912051495222018e+36, 7.71784926674968e+35, 5.02685423824981e+35, 3.2381450025052374e+35, 1.9435525710807573e+35, 1.1022910782921508e+35, 6.4698809931860145e+34, 4.164820537351674e+34, 2.6157503514410937e+34, 1.5201844728572518e+34, 8.160115245367886e+33, 3.88862704518558e+33, 1.5878018087668883e+33, 5.18556750644491e+32, 1.1716456712957256e+32, 1.3452292206093297e+31, 5.233548971824996e+29, 6.513228166857326e+25, 4.861791078392137e+20, 
5, 44.0, 12.40612417186194, 3.942723235997242e+22, 8.725619935024731e+26, 1.5455970933620857e+33, 4.509166712936241e+33, 7.153132872770054e+33, 1.0781924648163913e+34, 1.6180662238298838e+34, 2.5391963921679207e+34, 3.785265028055176e+34, 5.653225279742462e+34, 8.3041711668543e+34, 1.1830314559064552e+35, 1.6432221951269129e+35, 2.229442584638939e+35, 2.718919142347889e+35, 3.2232670776634817e+35, 1.7206648713082545e+35, 2.3877908977788133e+35, 3.1783102781613593e+35, 4.921486434270668e+35, 9.371223426330254e+35, 5.418714783669445e+33, 7.661191044742203e+33, 1.147879480072186e+34, 2.104244943992642e+34, 3.1404818828412987e+34, 4.440136201578413e+34, 7.65237584800395e+34, 1.3598665537828505e+35, 1.945343473766368e+35, 3.154977688585592e+35, 4.8898585045889674e+35, 7.93955739082356e+35, 1.2319591070436161e+36, 1.9674164230086948e+36, 3.1761155373250454e+36, 4.871876744075361e+36, 7.627747220813596e+36, 1.2243238010847973e+37, 1.955222977420939e+37, 3.0429603418425576e+37, 4.731472195920143e+37, 7.450686538093346e+37, 1.178952458248441e+38, 1.874546820879817e+38, 2.908012656345038e+38, 4.5729483094745084e+38, 7.10552697213422e+38, 1.1089099806981047e+39, 1.740188492139032e+39, 2.6958535284197103e+39, 4.156198605850332e+39, 6.478825641424433e+39, 9.905953667241991e+39, 1.502783065092463e+40, 2.256297137087053e+40, 3.3674122879837824e+40, 4.975724114658926e+40, 7.245966007729719e+40, 1.0432449529472073e+41, 1.4807996133317736e+41, 2.0606597692347503e+41, 2.833259100073113e+41, 3.843468201566711e+41, 5.089982537048166e+41, 6.617383318956711e+41, 8.398008161026673e+41, 1.0391214081995264e+42, 1.2520056603670264e+42, 1.4745730502536994e+42, 1.6656981076109965e+42, 1.8295584652966302e+42, 1.9403777783435506e+42, 1.98023299414426e+42, 1.9231638740925275e+42, 1.7383863065431027e+42, 1.3959385227454444e+42, 1.0185123334037545e+42, 7.363025293018292e+41, 5.113830067625757e+41, 3.246932740030248e+41, 1.9044794566155673e+41, 1.1495987749852542e+41, 7.958776196070178e+40, 1.041133192129937e+41, 6.013624302658775e+40, 6.479571586730776e+40, 2.312577481044274e+40, 1.570349397890174e+40, 1.0555924913737332e+40, 6.010301969136203e+39, 2.5556200831324174e+39, 8.165754000617074e+38, 6.74832969662449e+38, 6.480317617922192e+38, 6.168737533491361e+38, 5.741115608814539e+38, 5.1439447152178356e+38, 4.408555294714444e+38, 3.588362358598631e+38, 2.7396576244273815e+38, 1.9067611398466145e+38, 1.1879448861758291e+38, 6.658804929072259e+37, 3.1805065355946936e+37, 1.1967303145381447e+37, 3.0241010038193374e+36, 2.9477883106420994e+35, 5.0512200956880084e+33, 4.621641904874904e+29, 5.569244598902629e+29, 6.726610677648291e+29, 8.14322233148177e+29, 9.880895183877389e+29, 1.2017006396485823e+30, 1.4581301577462197e+30, 1.7692788759359998e+30, 2.136959504517677e+30, 2.557386052818545e+30, 3.0394590201912123e+30, 3.562839777241593e+30, 4.1001174013963323e+30, 4.6322958897764327e+30, 5.1144188529624e+30, 5.530906188751806e+30, 5.818302438259814e+30, 5.967553103314429e+30, 5.940134687372114e+30, 5.738472336053704e+30, 1.4514306582242214e+22, 
5, 44.0, 13.40612417186194, 3.942723235997242e+23, 3.153525102162745e+26, 8.511307718981265e+32, 2.4831119063832688e+33, 3.93909352549768e+33, 5.937399784038892e+33, 8.90832991149356e+33, 1.3982869109605109e+34, 2.0839931750469386e+34, 3.112406347420056e+34, 4.5729483094745085e+34, 6.514728065741363e+34, 9.04682714248301e+34, 1.2277114107652873e+35, 1.4972567936972818e+35, 1.7745829001187366e+35, 9.468829408877186e+34, 1.3140028050870144e+35, 1.7486234263355362e+35, 2.707050093195908e+35, 5.15580273244597e+35, 2.2866320814018497e+33, 3.209935400234705e+33, 4.7238521064939896e+33, 8.653589551827418e+33, 1.2770158637919754e+34, 1.7831845487656312e+34, 3.110257115686194e+34, 5.68062724421243e+34, 7.9176498633377695e+34, 1.303155653104971e+35, 1.9966240238474658e+35, 3.259840059020847e+35, 5.068696555231624e+35, 8.059280887144707e+35, 1.3037559166662947e+36, 1.986077961741142e+36, 3.120299577864189e+36, 5.0003026610060055e+36, 7.981716393115164e+36, 1.243072023445421e+37, 1.9346227581612751e+37, 3.044361999585745e+37, 4.822767130715415e+37, 7.691238740945989e+37, 1.1937030192684403e+38, 1.8853686977764645e+38, 2.9355960343153405e+38, 4.5929983810971455e+38, 7.252642863388877e+38, 1.1274474075806078e+39, 1.7482208372636217e+39, 2.741550766662041e+39, 4.221786748121613e+39, 6.44757336198393e+39, 9.758797187148439e+39, 1.4712832554856956e+40, 2.1968291990804454e+40, 3.241875201574265e+40, 4.727116355228337e+40, 6.81861692814424e+40, 9.64042748750308e+40, 1.3505052982726175e+41, 1.867653441046235e+41, 2.5275298444833975e+41, 3.362763248164415e+41, 4.3720618017894586e+41, 5.552215220662577e+41, 6.86951841920202e+41, 8.321589574604887e+41, 9.663095959802291e+41, 1.0916069507182145e+42, 1.1895324456602031e+42, 1.2497015035694814e+42, 1.2628049987061805e+42, 1.232583337086488e+42, 1.16897787742962e+42, 1.0785152550119476e+42, 9.749588645558974e+41, 8.628320970671588e+41, 7.537134969014231e+41, 6.56215209902943e+41, 5.678665563860422e+41, 4.897633606988157e+41, 4.205874333475102e+41, 3.467338903034883e+41, 2.594157215186503e+41, 1.7992698073640046e+41, 1.2699782768138748e+41, 8.855157546458944e+40, 5.792903478597774e+40, 3.6232332431341224e+40, 2.3866915325911516e+40, 1.7905905673410799e+40, 2.330753217092416e+40, 1.4301984147952016e+40, 1.4219891816616785e+40, 5.288059003905477e+39, 3.500227659314834e+39, 2.2688004118600048e+39, 1.3405909780563017e+39, 6.913473338422307e+38, 3.547286714343153e+38, 2.560921653964284e+38, 1.871527842046776e+38, 1.324330229074986e+38, 9.009408778347664e+37, 5.949716773453702e+37, 3.82116940961238e+37, 2.3523194110830354e+37, 1.3794192817696115e+37, 7.608451776552221e+36, 3.8211694096123805e+36, 1.6687692646883837e+36, 5.658434491207335e+35, 1.2376455719132903e+35, 9.09067836433555e+33, 9.790306592322823e+31, 1.1502607277428449e+29, 1.4648605807529818e+29, 1.856933248413124e+29, 2.3323638005881428e+29, 2.9093521540706653e+29, 3.587536202749469e+29, 4.353076429055664e+29, 5.185567506444909e+29, 6.050570036438758e+29, 6.867462432340818e+29, 7.564779826022309e+29, 4.8617910783921365e+19, 
5, 44.0, 14.40612417186194, 3.9427232359972427e+24, 1.3670874370556948e+25, 9.812875579873786e+31, 2.862834830175614e+32, 4.537287433485891e+32, 6.835909308610164e+32, 1.0275342158157357e+33, 1.6098903322020426e+33, 2.4032352879464793e+33, 3.5875362027494694e+33, 5.269826200217389e+33, 7.509245316341355e+33, 1.0427886423177902e+34, 1.4148040434553357e+34, 1.7254258185100964e+34, 2.0454849683214885e+34, 1.0909285118012415e+34, 1.5138968744249623e+34, 2.0141707849419086e+34, 3.11814489556267e+34, 5.940134687372114e+34, 2.0596635927632366e+32, 2.83006423086177e+32, 4.071892391736633e+32, 7.547381315226032e+32, 1.1010227490387442e+33, 1.485238821342294e+33, 2.659477328135993e+33, 5.039602611849697e+33, 6.782601355485309e+33, 1.134217365630331e+34, 1.7143373704999957e+34, 2.8255063804448273e+34, 4.399428788198721e+34, 6.985480623630437e+34, 1.136046982129738e+35, 1.720664871308258e+35, 2.7195452686992037e+35, 4.3721624733917856e+35, 7.009649332813352e+35, 1.0969738941741978e+36, 1.7155220019121912e+36, 2.708920703164489e+36, 4.320124794256598e+36, 6.940588436502057e+36, 1.0836681078275771e+37, 1.7282091188206985e+37, 2.707673486282992e+37, 4.271656206626168e+37, 6.821757740426206e+37, 1.0687996239831294e+38, 1.6730013535912967e+38, 2.646648656209218e+38, 4.116198332071156e+38, 6.34010269261302e+38, 9.680466632692597e+38, 1.47331731317443e+39, 2.2197102747638614e+39, 3.3120454844841e+39, 4.877488929471976e+39, 7.1202672125906e+39, 1.0185826921733101e+40, 1.4457602910768607e+40, 2.028132349834107e+40, 2.78738072379677e+40, 3.772213737569774e+40, 4.995699332295556e+40, 6.4758427188520465e+40, 8.194006277637575e+40, 1.0178793231394435e+41, 1.2156156772394837e+41, 1.418065503609075e+41, 1.6021246127159581e+41, 1.7562902580087517e+41, 1.862500046835502e+41, 1.921304908770333e+41, 1.9404224577074104e+41, 1.921304908770333e+41, 1.8749785009335017e+41, 1.7984414037582824e+41, 1.7037124315182047e+41, 1.6039701890364118e+41, 1.4914073955975214e+41, 1.370870062723632e+41, 1.2554409556914431e+41, 1.1300464422753915e+41, 1.0146033509613504e+41, 8.994899023724784e+40, 7.954196074604696e+40, 6.967809881783564e+40, 6.078498198791705e+40, 5.275896805693923e+40, 4.5919409258854e+40, 3.992052943290062e+40, 3.4355501488964087e+40, 2.8352822062874245e+40, 2.1168802562044525e+40, 1.4397805167126627e+40, 9.781293538018751e+39, 6.434225719419653e+39, 3.8859418043417483e+39, 2.116392882625403e+39, 1.1199439611590095e+39, 7.38747956128007e+38, 7.363703483940823e+38, 4.928290417993244e+38, 3.959098367524637e+38, 1.6807235769749443e+38, 1.0710168224427217e+38, 6.732808969017888e+37, 3.807994323696562e+37, 1.8988746309605434e+37, 9.122130740127678e+36, 5.786237989700373e+36, 3.694845578770712e+36, 2.2667117314775897e+36, 1.3228064148994158e+36, 7.219319996333175e+35, 3.544021046665936e+35, 1.5275530171574973e+35, 5.06636287159759e+34, 1.1418164415918172e+34, 1.0064594740562929e+33, 2.0835133731264206e+31, 1.3115845504487355e+28, 1.4716220699808222e+28, 1.6322861376070572e+28, 1.7980273449937e+28, 1.9534229795653152e+28, 4.861791078392137e+20, 
5, 45.0, 12.40612417186194, 3.942723235997242e+22, 2.488836070501546e+34, 1.150260727742845e+35, 2.3910920326327657e+35, 3.701658008404417e+35, 5.5692445989026296e+35, 8.532892854631238e+35, 1.307062312022312e+36, 1.9502769697875913e+36, 2.891986706642528e+36, 4.187899898089501e+36, 5.899243087811098e+36, 8.109541345470265e+36, 1.0514685623729417e+37, 1.2673491921720087e+37, 1.164652309807729e+37, 8.635675056908005e+36, 1.1759701345313058e+37, 1.6799497533573371e+37, 2.8846710252641e+37, 2.6205731822816944e+37, 8.982480691736823e+35, 1.3973213421155006e+36, 2.0849531103870045e+36, 3.7281750211196393e+36, 5.613016157108535e+36, 8.965949581215635e+36, 1.446759331921903e+37, 2.3275353858354426e+37, 3.610740625258756e+37, 5.664952756156843e+37, 9.034337118682126e+37, 1.460482280959758e+38, 2.2583762208548255e+38, 3.593323290505021e+38, 5.792903478597774e+38, 9.02602001744692e+38, 1.4161077264113508e+39, 2.2630611666254797e+39, 3.5875362027494724e+39, 5.607848758216917e+39, 8.741707933981795e+39, 1.371501517104389e+40, 2.1423789491325872e+40, 3.327333191832985e+40, 5.072432685144995e+40, 7.732435256294802e+40, 1.1658328605975691e+41, 1.7436378678684137e+41, 2.5943961568993087e+41, 3.8131271950547405e+41, 5.562196050286526e+41, 8.086419962152115e+41, 1.1510290704739804e+42, 1.6223191413191663e+42, 2.2519372892242286e+42, 3.088490660206296e+42, 4.1667389497854207e+42, 5.525814381119437e+42, 7.239295298850755e+42, 9.334612461041501e+42, 1.181942345299451e+43, 1.4825054286472693e+43, 1.83990878206122e+43, 2.2387020262408555e+43, 2.683467206575207e+43, 3.1658934354528965e+43, 3.6407955555632006e+43, 4.0897455859056673e+43, 4.428904261385552e+43, 4.453447042570259e+43, 4.0690805993906715e+43, 3.4387158651624683e+43, 2.8235552637527136e+43, 2.165191394558054e+43, 1.4948454447155142e+43, 9.351823299544233e+42, 5.830372363168151e+42, 4.015099316437952e+42, 5.525814381119437e+42, 2.9605083637066655e+42, 3.337692265568875e+42, 1.1380891744660942e+42, 7.463736391368081e+41, 4.726169490945992e+41, 2.5550905300610473e+41, 1.0057644765530628e+41, 2.5983418741300037e+40, 1.7684642804849175e+40, 1.481481703799927e+40, 1.2655994934848358e+40, 1.1025449194160696e+40, 9.767789512002852e+39, 8.725619935024717e+39, 7.732079172690917e+39, 6.674155059748064e+39, 5.492831698360077e+39, 4.165779633135853e+39, 2.8203063961802994e+39, 1.661484493281461e+39, 7.728519238410816e+38, 2.0878355702321912e+38, 1.334431522009824e+37, 1.4900343910118866e+35, 4.381232416609912e+31, 4.975036740451761e+31, 5.570527112511062e+31, 6.155967131504884e+31, 6.7126853773913545e+31, 7.269361931882982e+31, 7.789261646771945e+31, 8.285072103163934e+31, 8.751777992849387e+31, 9.198061146677713e+31, 9.607188066059572e+31, 9.974618457724636e+31, 1.0315642727318877e+32, 1.0614420591239048e+32, 1.0851662853121273e+32, 1.1068691732554746e+32, 1.121234086807507e+32, 1.1284863033738902e+32, 1.1284863033738902e+32, 1.1183977697141805e+32, 1.0979847098950372e+32, 1.0641339334618143e+32, 1.0160060460163932e+32, 9.532269059974773e+31, 8.788126350863233e+31, 4.861791078392136e+18, 
5, 45.0, 13.40612417186194, 3.942723235997242e+23, 4.861791078392117e+28, 3.4434699099181805e+34, 1.0046072137095462e+35, 1.5936622755578513e+35, 2.4021288119917386e+35, 3.604095517477516e+35, 5.657131738507116e+35, 8.433275580779041e+35, 1.2594945492836448e+36, 1.850104639991963e+36, 2.6363088790343654e+36, 3.660971030891831e+36, 4.968168218889444e+36, 6.058934984831913e+36, 7.182841651351088e+36, 3.8414597963388046e+36, 5.329620579874197e+36, 7.100620342873862e+36, 1.0992495394624224e+37, 2.0926485282890834e+37, 1.957475307358133e+35, 2.8714171658248696e+35, 4.289397480369321e+35, 7.945043737470312e+35, 1.1775959201065501e+36, 1.741792003302256e+36, 2.9403314713688825e+36, 4.993399257385701e+36, 7.39598960927379e+36, 1.1784096555718282e+37, 1.8565057229540531e+37, 3.008820589634335e+37, 4.646182795766847e+37, 7.430127946211384e+37, 1.2005943420040431e+38, 1.8543695716561692e+38, 2.8959848951452695e+38, 4.648322934763211e+38, 7.406214608079731e+38, 1.154240456341519e+39, 1.795544993559327e+39, 2.827458845386222e+39, 4.462685608622383e+39, 7.056612868514304e+39, 1.0914310186445964e+40, 1.7029280235791574e+40, 2.6326691985002916e+40, 4.0690805993906717e+40, 6.302259656030632e+40, 9.6626509680345e+40, 1.4712832554856964e+41, 2.2583762208548257e+41, 3.393878513402541e+41, 5.0619318324037366e+41, 7.461158953278572e+41, 1.0902755987716702e+42, 1.5725928340078604e+42, 2.230726324408767e+42, 3.124757307322609e+42, 4.304089488034847e+42, 5.803183351923993e+42, 7.725316698953356e+42, 1.0124096879146374e+43, 1.2948405523031117e+43, 1.6238514309189973e+43, 1.9885489789436193e+43, 2.371790320542935e+43, 2.754395450364218e+43, 3.1253329619083333e+43, 3.394112962322199e+43, 3.5784610324754846e+43, 3.6374438027102216e+43, 3.553581598801341e+43, 3.3381534166506725e+43, 3.02779377907957e+43, 2.672060532362219e+43, 2.3054531030803945e+43, 1.9602266637638389e+43, 1.6376319106773658e+43, 1.317092547344483e+43, 9.60431271858521e+42, 6.466604383833753e+42, 4.4008877585793474e+42, 2.960167542205007e+42, 1.840798671965989e+42, 1.0706223179384462e+42, 6.507381860053024e+41, 4.641905473351043e+41, 6.378172964424672e+41, 3.893106570646156e+41, 4.308005929063918e+41, 1.6908157799751008e+41, 1.2080816628627128e+41, 8.288888398534802e+40, 4.933967589433957e+40, 2.412105463379028e+40, 1.182486775214463e+40, 1.0155382656598792e+40, 8.994899023724783e+39, 7.670016396195167e+39, 6.212927594064507e+39, 4.8083524344578824e+39, 3.5834082757407116e+39, 2.5368587825378696e+39, 1.6884814445222155e+39, 1.033704227373663e+39, 5.7769191880469435e+38, 2.8893243147155897e+38, 1.2111454231484515e+38, 4.02435507626875e+37, 8.778014468482126e+36, 7.956027806813376e+35, 8.536823301958148e+33, 9.200179322380417e+30, 9.611613358547943e+30, 1.001835212820401e+31, 1.0394325012682521e+31, 1.0710168224427192e+31, 1.1035608686044606e+31, 1.1292661033982107e+31, 1.1476152014816145e+31, 1.1635801192267028e+31, 1.1689509610291604e+31, 1.1662624484242298e+31, 1.150260727742845e+31, 1.1189129295315227e+31, 1.0734857712038884e+31, 1.0134359178432122e+31, 4.8617910783921365e+19, 
5, 45.0, 14.40612417186194, 3.9427232359972427e+24, 2.2688004118600143e+27, 9.738594712605165e+33, 2.840509802437317e+34, 4.507090642994691e+34, 6.793542432323785e+34, 1.0192865472451445e+35, 1.5999127240361279e+35, 2.3844943204622437e+35, 3.56119940662792e+35, 5.231139388325495e+35, 7.454118496221293e+35, 1.0351333295018406e+36, 1.4044176937326847e+36, 1.7127591343467057e+36, 2.0304686681266386e+36, 1.0831691751137315e+36, 1.503129133521903e+36, 2.0003053307864023e+36, 3.096679737085109e+36, 5.8992430878111e+36, 2.4871174371143705e+34, 3.4585677884971227e+34, 5.0780420442056475e+34, 9.384179197417901e+34, 1.379736941367642e+35, 1.9019377231511523e+35, 3.348083590480853e+35, 6.168737533491361e+35, 8.530928309627807e+35, 1.4079793727871047e+36, 2.1527633560755944e+36, 3.5196241773855024e+36, 5.470112929294809e+36, 8.707556324189189e+36, 1.4109001912702215e+37, 2.1473176426634205e+37, 3.375952227253438e+37, 5.42121076872395e+37, 8.673538135972794e+37, 1.3523723797305135e+38, 2.1081246786953346e+38, 3.3250355451613158e+38, 5.2856243233877595e+38, 8.464402218377851e+38, 1.3176385496659894e+39, 2.089278294192216e+39, 3.2650985371028657e+39, 5.1309323937993634e+39, 8.139473102370065e+39, 1.270855849796535e+40, 1.9778633924558873e+40, 3.1152743001419186e+40, 4.813891442674227e+40, 7.373883846990035e+40, 1.1191705984188028e+41, 1.6908157799751004e+41, 2.52811189674627e+41, 3.73418897465096e+41, 5.449997365504024e+41, 7.859524866563444e+41, 1.1112103871034382e+42, 1.555235970500984e+42, 2.149296306369421e+42, 2.9046666095576246e+42, 3.858302659813231e+42, 5.0079074288113185e+42, 6.346090955446347e+42, 7.83296691814264e+42, 9.462290831848201e+42, 1.095308082281252e+43, 1.2328955707087287e+43, 1.3380929801912283e+43, 1.399285366392592e+43, 1.4066507831707017e+43, 1.3649800135157859e+43, 1.2860453763403272e+43, 1.1776230355668393e+43, 1.0553980619591011e+43, 9.247115716647662e+42, 7.976572048902674e+42, 6.832132689135731e+42, 5.781709838613229e+42, 4.850609269203743e+42, 4.072736308262085e+42, 3.3837346008768737e+42, 2.829412659508555e+42, 2.3740851546097627e+42, 2.0146346183030657e+42, 1.71197056120619e+42, 1.419045406963589e+42, 1.0771998700346048e+42, 7.684158109529188e+41, 5.565398829459457e+41, 3.951812151731482e+41, 2.5852127689907272e+41, 1.5541620225236493e+41, 9.16212668198245e+40, 6.460948693903505e+40, 6.905518488155946e+40, 4.57821614260537e+40, 3.7307512428809844e+40, 1.5516590270279628e+40, 1.0059960890464911e+40, 6.426822305871581e+39, 3.842344426988008e+39, 2.1222487787621516e+39, 1.2108665787131572e+39, 8.169515335316897e+38, 5.4852483105528004e+38, 3.594150779033808e+38, 2.3040733056383243e+38, 1.4377927598296587e+38, 8.74573456635222e+37, 5.073367147840428e+37, 2.7732964283657927e+37, 1.4002200507768539e+37, 6.384050184964648e+36, 2.4957224882597517e+36, 7.956027806813376e+35, 1.5801426389465965e+35, 1.7397878450589032e+34, 4.034561057898474e+32, 1.0759604114797499e+30, 1.066095947134104e+30, 1.0466375031608465e+30, 1.0157721289105344e+30, 9.700548521967716e+29, 9.136845733406422e+29, 4.861791078392137e+20, 
5, 46.0, 12.40612417186194, 3.942723235997242e+25, 1.1662624484242298e+30, 1.498291419355246e+34, 4.587713539078275e+34, 7.3755819419853e+34, 1.148143819522158e+35, 1.6477688644071113e+35, 2.6181606563636297e+35, 3.980121156193193e+35, 6.3211528548791045e+35, 8.822593961610578e+35, 1.2953773300329416e+36, 1.839485176179116e+36, 2.679145452322086e+36, 3.250096772018739e+36, 4.177306024601492e+36, 3.868978286170457e+36, 5.495361823375567e+36, 8.348266266117378e+36, 1.3418262767658058e+37, 2.2745542121301396e+37, 2.258376220854825e+37, 3.616565144282392e+37, 5.478936818940947e+37, 9.200179322380408e+37, 1.4387862949977216e+38, 2.342590039348581e+38, 3.6677210037952374e+38, 5.893812185540366e+38, 9.225635510120234e+38, 1.4557818226536938e+39, 2.318976204857964e+39, 3.7221707531284287e+39, 5.816962878842116e+39, 9.208656904156033e+39, 1.4675614404822497e+40, 2.306196413154071e+40, 3.644989590166772e+40, 5.8118753651447025e+40, 9.187689132921242e+40, 1.4423687096162285e+41, 2.2559334942632636e+41, 3.534299036715015e+41, 5.463567240544453e+41, 8.333094220765717e+41, 1.2383011958816015e+42, 1.8225787078061754e+42, 2.6222028938644433e+42, 3.7024251923239105e+42, 5.158177614143546e+42, 7.048493317601344e+42, 9.558644114446473e+42, 1.2826149341945898e+43, 1.6958845839423622e+43, 2.228416124755988e+43, 2.8999886111669606e+43, 3.7496980103980715e+43, 4.791773620580084e+43, 6.068708708769665e+43, 7.618970505544587e+43, 9.457934289093233e+43, 1.1571676724222202e+44, 1.402801728512571e+44, 1.666849128603398e+44, 1.914239582706048e+44, 2.098438725625782e+44, 2.147812137751477e+44, 2.091203477057725e+44, 2.0304686681266384e+44, 1.9010620501079675e+44, 1.654612467233466e+44, 1.3771977114320952e+44, 1.178409655571827e+44, 9.806099426234886e+43, 1.4118751432923875e+44, 7.979878746571825e+43, 8.945328469408636e+43, 3.1318163880560957e+43, 2.0892782941922166e+43, 1.3452292206093307e+43, 7.286119541810379e+42, 2.88121914795871e+42, 7.193268848107921e+41, 4.6604225217251115e+41, 3.715816786359607e+41, 2.9418213286457443e+41, 2.3087467247202868e+41, 1.788983324120148e+41, 1.3609629184656022e+41, 1.0088260598469647e+41, 7.214334788779568e+40, 4.856085138635056e+40, 2.970272486100729e+40, 1.5765084117257572e+40, 6.519229835137147e+39, 1.6176936932040573e+39, 1.023991360180818e+38, 1.1550380528504292e+36, 1.2539964075848799e+33, 1.7171027839327843e+33, 2.332900909034531e+33, 3.141928461256375e+33, 4.202389399983142e+33, 5.583368503724789e+33, 7.360313153878808e+33, 9.642647533547792e+33, 1.2539964075848823e+34, 1.616576615858422e+34, 2.0629860551119355e+34, 2.606731453841873e+34, 3.2433684840913745e+34, 3.9755415091345196e+34, 4.784056415028245e+34, 5.646720508779874e+34, 6.51172861329801e+34, 7.326495586774673e+34, 8.035192623520606e+34, 8.554532731349946e+34, 8.822593961610578e+34, 2.659477328135992e+23, 
5, 46.0, 13.40612417186194, 3.9427232359972425e+20, 8.887841321249496e+29, 4.0030986463824434e+35, 1.169220152925566e+36, 1.8552237370664488e+36, 2.7983130147034706e+36, 4.1936896941437896e+36, 6.584098089434721e+36, 9.819656415930825e+36, 1.4692520060112164e+37, 2.154747037779525e+37, 3.0732386922403574e+37, 4.270672734666532e+37, 5.804920713990729e+37, 7.076137972938199e+37, 8.406133683360795e+37, 4.58349004404578e+37, 6.360573746653568e+37, 8.530928309627804e+37, 1.324330229074986e+38, 2.50493402755965e+38, 1.4102505973066136e+37, 2.2217556452629685e+37, 3.331166131730651e+37, 5.81294605076171e+37, 8.8776147038257e+37, 1.4480924603443212e+38, 2.2861056255202658e+38, 3.677022542173004e+38, 5.738472336053698e+38, 9.009408778347665e+38, 1.4341556636787804e+39, 2.320578650271377e+39, 3.597462639169948e+39, 5.710791340926852e+39, 9.172681044555158e+39, 1.4334953626399387e+40, 2.260457220411632e+40, 3.61406777224672e+40, 5.731869477265304e+40, 8.994899023724784e+40, 1.4099259124884956e+41, 2.223290909892257e+41, 3.4801366114025502e+41, 5.403762987590978e+41, 8.216867660232975e+41, 1.2441315179739126e+42, 1.8504028656609828e+42, 2.7100436895451258e+42, 3.925517269978902e+42, 5.575788506858622e+42, 7.842351293072174e+42, 1.0902253908809386e+43, 1.4863335890263404e+43, 2.004778020859569e+43, 2.664994348261131e+43, 3.505551020803011e+43, 4.544606573716338e+43, 5.815623627833873e+43, 7.360313153878813e+43, 9.202297985867258e+43, 1.1323906957489673e+44, 1.3838731791322798e+44, 1.674542954606757e+44, 1.9906563442842233e+44, 2.3377404544327715e+44, 2.702068112625863e+44, 3.060527543607804e+44, 3.403269113908897e+44, 3.723885270858371e+44, 3.931844126065835e+44, 4.0643985929222274e+44, 4.087862622063344e+44, 3.982871476303508e+44, 3.723885270858371e+44, 3.259840059020848e+44, 2.5403660046126233e+44, 1.799269807364005e+44, 1.2682249484199305e+44, 8.631699097146054e+43, 5.385131245839058e+43, 3.1053195132637184e+43, 1.8416889922747274e+43, 1.2480911173773834e+43, 1.6525564073057184e+43, 9.275264269966913e+42, 1.0136692969546571e+43, 3.5498441977696054e+42, 2.3893308598339823e+42, 1.5895210818351166e+42, 8.946770402210563e+41, 3.7471087051927774e+41, 1.1627766241049242e+41, 9.155799894533577e+40, 8.3906632660290435e+40, 7.618970505544591e+40, 6.759215489533786e+40, 5.770272091154794e+40, 4.699983056933558e+40, 3.621565066704606e+40, 2.6043316707576503e+40, 1.6791762860166317e+40, 9.431837122060146e+39, 4.574001390971184e+39, 1.737385898912362e+39, 4.257908185059015e+38, 3.908375591199305e+37, 6.475842718852039e+35, 6.4327443547519625e+32, 8.511307718981265e+32, 1.1183977697141805e+33, 1.463175068129937e+33, 1.9010620501079655e+33, 2.445661192917647e+33, 3.108109368076347e+33, 3.873435177134272e+33, 4.7391045773828714e+33, 5.654527132843721e+33, 6.546305853314894e+33, 4.861791078392136e+16, 
5, 46.0, 14.40612417186194, 3.942723235997243e+21, 4.718416700244748e+29, 3.3212096593008596e+35, 9.691618099842179e+35, 1.5374333315605357e+36, 2.3179085227116724e+36, 3.476932762782654e+36, 5.457532018674011e+36, 8.135725599444672e+36, 1.2153358036086413e+37, 1.7848276790029315e+37, 2.5432923933006113e+37, 3.532614867088934e+37, 4.793980822069551e+37, 5.846504554538469e+37, 6.931006279863186e+37, 3.7101912113967566e+37, 5.147499253896795e+37, 6.861140177644275e+37, 1.0624201337397375e+38, 2.02160495017041e+38, 2.340972394256648e+36, 3.452202735421172e+36, 5.1403926310793444e+36, 9.673781912330525e+36, 1.4252672052696048e+37, 2.1286109520732316e+37, 3.585884461629907e+37, 6.000622309912491e+37, 8.976277956490672e+37, 1.4193721918646834e+38, 2.2495533244549473e+38, 3.653392158963572e+38, 5.615601641858719e+38, 9.001114626392242e+38, 1.458465943279964e+39, 2.2568167285202532e+39, 3.5204346941124857e+39, 5.663648502743448e+39, 9.036417591193635e+39, 1.4118751432923875e+40, 2.2013864670723955e+40, 3.4801366114025518e+40, 5.513105360714444e+40, 8.73969531306462e+40, 1.3576764733346561e+41, 2.1242043425549575e+41, 3.298346612822308e+41, 5.112064118279689e+41, 7.928596060489928e+41, 1.2178569877587668e+42, 1.855223737066449e+42, 2.843127213825817e+42, 4.257908185059016e+42, 6.318969983019292e+42, 9.248180391474212e+42, 1.3379081285836652e+43, 1.9056638357622918e+43, 2.6631540710657684e+43, 3.667822348071858e+43, 4.956753162399986e+43, 6.549622847166471e+43, 8.536430175768756e+43, 1.0945013267174864e+44, 1.3696080260138872e+44, 1.681497757033567e+44, 2.0185350379448607e+44, 2.36246994585033e+44, 2.697405833202934e+44, 3.0148540478066125e+44, 3.2311438438503138e+44, 3.3688082528538402e+44, 3.3935659400344023e+44, 3.2915184390010357e+44, 3.0744419146313544e+44, 2.772657926777385e+44, 2.4294965816660397e+44, 2.071077222385359e+44, 1.7323526005113472e+44, 1.4236928119419935e+44, 1.1603694662659524e+44, 9.486506144349453e+43, 7.76115384578398e+43, 6.380963969237934e+43, 5.269462186092604e+43, 4.2083058163131466e+43, 3.0554578171495507e+43, 2.0561097492676475e+43, 1.4105103989947195e+43, 9.575827021547625e+42, 6.079478015907333e+42, 3.657600704294194e+42, 2.290848095256993e+42, 1.648148320894365e+42, 2.117367742018335e+42, 1.2539964075848814e+42, 1.2479474338485521e+42, 4.488448973797912e+41, 2.9214354328936473e+41, 1.8667935528635567e+41, 1.0734857712038874e+41, 5.167688085226943e+40, 2.298774084087196e+40, 1.6054481807110019e+40, 1.173535663740399e+40, 8.437160142091177e+39, 5.942870850464885e+39, 4.1361501144370475e+39, 2.8555928925109134e+39, 1.9337320365685392e+39, 1.2802544449309938e+39, 8.207224104780848e+38, 4.977328357162637e+38, 2.759283299164852e+38, 1.324635202489367e+38, 4.910167329573672e+37, 1.123042759860029e+37, 7.86314514505855e+35, 7.528289167666421e+33, 4.861791078392137e+17, 
5, 47.0, 12.40612417186194, 3.9427232359972426e+31, 2.5691904104992524e+31, 1.3877022496559813e+34, 6.767001805250636e+34, 1.1992129020600724e+35, 2.199866328271283e+35, 2.3971559710521002e+35, 4.359094582628174e+35, 7.924945647673612e+35, 1.5966006154371976e+36, 1.8377917277024915e+36, 3.118144895562676e+36, 4.817217909865571e+36, 9.115831571356403e+36, 1.136832006690198e+37, 1.8394851761791158e+37, 3.1885724717907594e+37, 4.82943463442459e+37, 7.634775871947701e+37, 1.2442174625029071e+38, 1.9901980314890964e+38, 3.1520731845266805e+38, 5.099132443251746e+38, 7.716072370863074e+38, 1.279075829866553e+39, 2.0211395120157947e+39, 3.2915184390010373e+39, 5.130932393799365e+39, 8.194006277637578e+39, 1.2843881568278636e+40, 2.03749378341777e+40, 3.249348495732731e+40, 5.177216091390939e+40, 8.115705747167796e+40, 1.284476882283003e+41, 2.042472850231784e+41, 3.216483236740351e+41, 5.079328395735521e+41, 8.08884088157615e+41, 1.2757814769367177e+42, 2.0009502569836918e+42, 3.116422221050036e+42, 4.834997928397942e+42, 7.362008123746734e+42, 1.1043234448002045e+43, 1.6080379439868787e+43, 2.315241467481007e+43, 3.2568390176134615e+43, 4.491550555632313e+43, 6.119223169986882e+43, 8.178926253751572e+43, 1.087417436006985e+44, 1.432175672451865e+44, 1.8616425313321895e+44, 2.4132165348095845e+44, 3.096679737085106e+44, 3.9372799235206835e+44, 4.931695936497373e+44, 6.065914608543092e+44, 7.259325871492227e+44, 8.33866049997352e+44, 9.061420662833479e+44, 9.627117940755548e+44, 1.0296658102038327e+45, 1.0849164453059263e+45, 1.1256316407931673e+45, 1.1606366819726562e+45, 1.2784869292885978e+45, 1.2855716669801782e+45, 2.1656900057034382e+45, 1.485580849595194e+45, 1.8923274633988717e+45, 7.721404286194655e+44, 5.6467205087798796e+44, 3.7887529920060126e+44, 2.1120115667198835e+44, 8.18834801314586e+43, 1.9833359881605802e+43, 1.3730814258726242e+43, 1.1449757597619383e+43, 9.366908812010241e+42, 7.601447359643987e+42, 6.131917347531429e+42, 4.9146918441086414e+42, 3.9082855985616466e+42, 3.074300334608941e+42, 2.3840551208291408e+42, 1.8110327014047833e+42, 1.3365533301804688e+42, 9.465777510849169e+41, 6.291385431441339e+41, 3.786502887479169e+41, 1.9618974031785244e+41, 7.841990147764285e+40, 1.867653441046235e+40, 1.173535663740399e+39, 1.3387401619680226e+37, 1.6036009037688933e+35, 2.1666875724886867e+35, 2.895318146745554e+35, 3.8273333732499594e+35, 5.0003026610060055e+35, 6.4594611767519025e+35, 8.252704452390465e+35, 1.0420685581797924e+36, 1.3010569062030218e+36, 1.6061876871852884e+36, 1.9592790392649138e+36, 2.358828097756883e+36, 2.8054096875071937e+36, 3.287731118930573e+36, 3.7974869696709404e+36, 4.3161476441026304e+36, 4.8260997311329446e+36, 5.2868415234951385e+36, 5.672784586409123e+36, 5.955199189472055e+36, 6.106555271684931e+36, 6.081298095310284e+36, 4.8617910783921163e+27, 
5, 47.0, 13.40612417186194, 3.942723235997242e+23, 2.5869991876420646e+36, 1.1961793267409944e+37, 2.4888360705015463e+37, 3.8538631807787874e+37, 5.800912201470685e+37, 8.883749261366392e+37, 1.361119614131966e+38, 2.0314039488438547e+38, 3.015062313739419e+38, 4.3631113065959385e+38, 6.1488838906534865e+38, 8.45466282271587e+38, 1.0979847098950349e+39, 1.3234157300550207e+39, 1.2206644380603848e+39, 9.149477475965525e+38, 1.2488097832065845e+39, 1.7877068010028708e+39, 3.066876532513632e+39, 2.832019845342379e+39, 2.6711377947101284e+38, 4.262813105973809e+38, 6.443121074033961e+38, 1.0864163486243261e+39, 1.690426500073329e+39, 2.7580128947903225e+39, 4.327093627429661e+39, 6.932602386788676e+39, 1.0866665340357939e+40, 1.7147321567170642e+40, 2.728954485079626e+40, 4.379215249025279e+40, 6.840633018795334e+40, 1.0826704721139923e+41, 1.7286070994936153e+41, 2.7126658018488524e+41, 4.279335064724422e+41, 6.821286526371114e+41, 1.0769766621707201e+42, 1.6864221290731986e+42, 2.6271586040206206e+42, 4.091780161059803e+42, 6.292979142797858e+42, 9.560405043944867e+42, 1.4172820681427527e+43, 2.0850011187592345e+43, 3.0059814231875353e+43, 4.258888717534083e+43, 5.964805576241009e+43, 8.195893234543862e+43, 1.117368161526026e+44, 1.5069411501141493e+44, 1.998463829664745e+44, 2.6296399701732598e+44, 3.4174037553807006e+44, 4.408555294714444e+44, 5.6181883175428385e+44, 7.092450155637893e+44, 8.89807971928188e+44, 1.1068691732554755e+45, 1.3608062408384552e+45, 1.666849128603398e+45, 2.029066554389214e+45, 2.4316232785341737e+45, 2.879362156013785e+45, 3.363537642169047e+45, 3.837039697209433e+45, 4.2834755504177994e+45, 4.615261279216643e+45, 4.6205778550073346e+45, 4.2043251175018294e+45, 3.538313360731094e+45, 2.894651551852657e+45, 2.212566295179795e+45, 1.522987336882502e+45, 9.495028930719376e+44, 5.8951694422022534e+44, 4.046656047393272e+44, 5.570527112511063e+44, 2.9791769032109234e+44, 3.3573474799618477e+44, 1.1444486003309462e+44, 7.504059904627798e+43, 4.751123202315672e+43, 2.5683031967934087e+43, 1.0115009438179212e+43, 2.6197888676175785e+42, 1.7840059247119245e+42, 1.4936756196862547e+42, 1.2752528193254794e+42, 1.1101618329765259e+42, 9.827799604547182e+41, 8.77276088865702e+41, 7.769378730758344e+41, 6.702800483897212e+41, 5.514374946297247e+41, 4.1824069958728196e+41, 2.833324339025886e+41, 1.6706916126847681e+41, 7.782090774486276e+40, 2.1056990070624293e+40, 1.3486407945020692e+39, 1.5125031657998715e+37, 4.601466794082718e+34, 5.307576864390292e+34, 6.042216636669542e+34, 6.795106883384282e+34, 7.542169569194303e+34, 8.313737202819854e+34, 9.07185901654971e+34, 9.819656415930824e+34, 1.0551064849824476e+35, 1.1271878331069867e+35, 1.1953533206603422e+35, 1.2592045733322504e+35, 1.3200679664605184e+35, 1.3752963561919196e+35, 1.4219891816616786e+35, 1.464860580752982e+35, 1.4972567936972818e+35, 1.5191347292358547e+35, 1.5286085779351172e+35, 1.5233380580530912e+35, 1.5017453377869354e+35, 1.4608186081522435e+35, 1.3982869109605136e+35, 1.3143054002503471e+35, 1.2125406088261745e+35, 4.8617910783921365e+19, 
5, 47.0, 14.40612417186194, 3.9427232359972427e+24, 1.1716456712957257e+31, 3.9801211561931933e+36, 1.1617061602989386e+37, 1.8428767558968088e+37, 2.778409737262977e+37, 4.1667389497854214e+37, 6.540279258581558e+37, 9.752058376640489e+37, 1.4571232649252593e+38, 2.1394211868537476e+38, 3.049272888021591e+38, 4.235418140049881e+38, 5.7490527346551905e+38, 7.01126355005593e+38, 8.315651731964733e+38, 4.468855297525444e+38, 6.198638257123069e+38, 8.275539050123819e+38, 1.2820244041740835e+39, 2.4361066221888783e+39, 5.061698727195647e+37, 7.700098706009012e+37, 1.148408219845546e+38, 2.1159056212553504e+38, 3.1426520003175043e+38, 4.9033883665353704e+38, 8.037043008021258e+38, 1.3088693332981332e+39, 2.0039934251928924e+39, 3.1491713543832965e+39, 5.009522047662123e+39, 8.143222331481779e+39, 1.2511122958806888e+40, 1.9993843682149244e+40, 3.235908943578027e+40, 5.025696895535559e+40, 7.854097573861019e+40, 1.260364877862044e+41, 2.003532041774928e+41, 3.131816388056096e+41, 4.883107579856638e+41, 7.696553495887452e+41, 1.2111454231484517e+42, 1.900624364786544e+42, 2.930868223736672e+42, 4.532275408348199e+42, 6.953545365021531e+42, 1.0617353869262634e+43, 1.6179172012860725e+43, 2.4404858409647217e+43, 3.65187826837448e+43, 5.461429003224944e+43, 7.981900181042922e+43, 1.1537090313423388e+44, 1.6401980541740114e+44, 2.299197572925817e+44, 3.165383194842403e+44, 4.2726399050646695e+44, 5.680627244212434e+44, 7.414746238014376e+44, 9.475372504155558e+44, 1.1967303145381455e+45, 1.4893483627924877e+45, 1.813828795786166e+45, 2.1721824090881127e+45, 2.5497423200474114e+45, 2.921435432893645e+45, 3.2726253665786906e+45, 3.5916688849466114e+45, 3.782651162508298e+45, 3.877897202238308e+45, 3.8423444269880043e+45, 3.665188306745939e+45, 3.3681877525926465e+45, 2.992928158998384e+45, 2.5911722999052774e+45, 2.1958177547588514e+45, 1.837791727702493e+45, 1.5152918672944546e+45, 1.206136033696162e+45, 8.71557997440485e+44, 5.819642306157968e+44, 3.933111807175084e+44, 2.6311541483957878e+44, 1.6281195542187998e+44, 9.420333810631353e+43, 5.696082782023334e+43, 4.047354940480657e+43, 5.566808636474895e+43, 3.388506260308304e+43, 3.748826077917849e+43, 1.4706397228364715e+43, 1.0498960271633742e+43, 7.197079373168051e+42, 4.279433601190141e+42, 2.0868743077759127e+42, 1.018348181841048e+42, 8.723611018079753e+41, 7.712519806290563e+41, 6.564418977523123e+41, 5.308799119839035e+41, 4.1010615970175016e+41, 3.0534885255881877e+41, 2.159714242699258e+41, 1.4374617339243278e+41, 8.808385074360627e+40, 4.930560502269434e+40, 2.472841566955027e+40, 1.0403902949938944e+40, 3.4697348833430335e+39, 7.592700905785914e+38, 6.851667707045431e+37, 7.523090605468927e+35, 1.560257548406185e+34, 1.6458728920140315e+34, 1.7305983780151967e+34, 1.810907604018511e+34, 1.8845006532947723e+34, 1.9570246338995621e+34, 2.0206741810199378e+34, 2.0758515484606683e+34, 2.120295015280964e+34, 2.150781500568912e+34, 2.164194516629578e+34, 2.1547470377795293e+34, 2.1178553400929004e+34, 2.0497282764394082e+34, 1.9516246388057412e+34, 5.33084791166043e+23, 
6, 42.0, 12.40612417186194, 3.942723235997242e+20, 1.0809268190869933e+23, 2.51649627769208e+29, 7.341694221172252e+29, 1.1635801192267029e+30, 1.7530580297013582e+30, 2.635095093435198e+30, 4.128538057476333e+30, 6.163058531934815e+30, 9.200179322380416e+30, 1.3514385165680334e+31, 1.9266210115058646e+31, 2.671752917732808e+31, 3.629077914114943e+31, 4.42584593913508e+31, 5.245613548197414e+31, 2.797668753496318e+31, 3.8796834511637646e+31, 5.164119605413021e+31, 7.994591773486646e+31, 1.522987336882502e+32, 5.126208806048592e+29, 7.705419583311861e+29, 9.972321981349495e+29, 1.9089576439016287e+30, 2.622987931241831e+30, 3.317388175619707e+30, 6.680305015452128e+30, 1.1266688634330377e+31, 1.5338973330208657e+31, 2.459213828957451e+31, 3.8352730819372455e+31, 6.481809937999775e+31, 1.0202257773138517e+32, 1.5958655229561754e+32, 2.582832796223297e+32, 3.980121156193185e+32, 6.325520861061546e+32, 9.910516578059605e+32, 1.5566690556244667e+33, 2.5089747597558073e+33, 3.9792048049318175e+33, 6.116405812346856e+33, 9.642647533547792e+33, 1.5135483269169764e+34, 2.351777831876048e+34, 3.7896254850676784e+34, 5.866732578339327e+34, 9.092771811391987e+34, 1.4608186081522437e+35, 2.271937041672615e+35, 3.564480903447828e+35, 5.57822839875982e+35, 8.697537148103006e+35, 1.3501943687342968e+36, 2.080157851300144e+36, 3.209935400234705e+36, 4.8774889294719706e+36, 7.533491322144015e+36, 1.1292661033982082e+37, 1.7206648713082545e+37, 2.5562086041564805e+37, 3.8097483737433043e+37, 5.654527132843732e+37, 8.290797205372273e+37, 1.2128198387655294e+38, 1.763178544152529e+38, 2.535690784856776e+38, 3.613235698188716e+38, 5.1510562488123364e+38, 7.201057725368803e+38, 1.0018352128204019e+39, 1.3705544445648243e+39, 1.863787060756247e+39, 2.4836837298603363e+39, 3.247852459952496e+39, 4.1753827469702956e+39, 5.257705936290658e+39, 6.468391419533272e+39, 7.717849266749689e+39, 8.937093310427421e+39, 1.0076188706213744e+40, 1.0979847098950352e+40, 1.1518509699131352e+40, 1.1577006905512827e+40, 1.0826704721139923e+40, 9.063507372279516e+39, 6.956588145248916e+39, 5.3185873016919315e+39, 3.925511846680119e+39, 2.6735991368530525e+39, 1.7171027839327865e+39, 1.143921683609953e+39, 8.584130124130664e+38, 1.107889107063544e+39, 6.83276198079057e+38, 6.745222691421375e+38, 2.5432923933006134e+38, 1.7056750324891377e+38, 1.1233013797853695e+38, 6.735910256174043e+37, 3.4905695222325804e+37, 1.7692788759360037e+37, 1.3070623120223122e+37, 9.874072060185405e+36, 7.267688292133269e+36, 5.1819866802291393e+36, 3.6157324952494215e+36, 2.4728415669550246e+36, 1.6417094283163244e+36, 1.0553494602013135e+36, 6.5162283100296595e+35, 3.787880699820171e+35, 2.0109269401373212e+35, 9.20653677664269e+34, 3.2486003917238704e+34, 7.144902263038476e+33, 5.148684645869671e+32, 5.330847911660429e+30, 100183521.28204049, 
6, 42.0, 13.40612417186194, 3.942723235997242e+23, 6.050570036438757e+21, 2.5869991876420646e+28, 7.547381315226031e+28, 1.196179326740992e+29, 1.802172226094482e+29, 2.70269035843745e+29, 4.2442044105210856e+29, 6.3357246171363874e+29, 9.457934289093254e+29, 1.3893008209478038e+30, 1.9760425516074217e+30, 2.7466055439962887e+30, 3.7307512428809914e+30, 4.547746961247932e+30, 5.392576221219964e+30, 2.8694343460368683e+30, 3.9883778193679186e+30, 5.306354890343858e+30, 8.218570640012109e+30, 1.562414613574235e+31, 4.632295889776433e+28, 6.931006279863171e+28, 8.2755390501238e+28, 1.729005171815518e+29, 2.289793363601678e+29, 2.715165410319431e+29, 5.953828112041289e+29, 9.903672999699025e+29, 1.3237204928739756e+30, 2.10763932093042e+30, 3.3021461614697504e+30, 5.620776184709461e+30, 8.847005399732524e+30, 1.4151298516339448e+31, 2.2897933636016777e+31, 3.497810622616721e+31, 5.71210645062972e+31, 8.928865732816052e+31, 1.4053881662572053e+32, 2.3003625695489274e+32, 3.679563416846662e+32, 5.6675621641028854e+32, 8.988687713160948e+32, 1.4190454069635902e+33, 2.226364622552748e+33, 3.620731266529487e+33, 5.641522081324547e+33, 8.794199070684116e+33, 1.4255954229576503e+34, 2.2299559918709686e+34, 3.5244900783551275e+34, 5.543656244303401e+34, 8.681530439845934e+34, 1.357363892762345e+35, 2.10037234944704e+35, 3.2560891890467545e+35, 4.967024387574916e+35, 7.714295884074766e+35, 1.15956818821883e+36, 1.7782642285775724e+36, 2.6496974777863234e+36, 3.9691388546197e+36, 5.916928105375692e+36, 8.715579974404848e+36, 1.2808441596674365e+37, 1.8723899109522834e+37, 2.7070500931959085e+37, 3.879683451163765e+37, 5.564117496545898e+37, 7.832425854644733e+37, 1.097479185660159e+38, 1.5125031657998715e+38, 2.0748958035798016e+38, 2.789949178953757e+38, 3.6846504347484234e+38, 4.785158111559409e+38, 6.0883034803304296e+38, 7.570007196061861e+38, 9.130536403387871e+38, 1.067815676344688e+39, 1.2147762496397186e+39, 1.3341242931691895e+39, 1.4135015606829068e+39, 1.454776551444995e+39, 1.4397805167126627e+39, 1.392503490101908e+39, 1.3040561521247138e+39, 1.2005943420040433e+39, 1.0819228480969942e+39, 9.609400457563445e+38, 8.423572000362064e+38, 7.355230585333536e+38, 6.375236383451641e+38, 5.4525077600374934e+38, 4.465769387606428e+38, 3.306711397812938e+38, 2.229442584638939e+38, 1.5034752816457174e+38, 9.851362324635482e+37, 5.955199189472055e+37, 3.2771497902506204e+37, 1.7799028249449014e+37, 1.2139374016957682e+37, 1.2308249531509385e+37, 8.584130124130672e+36, 6.979049720204975e+36, 3.172461003302662e+36, 2.1320446340434967e+36, 1.4174126106568715e+36, 8.574252965940883e+35, 4.664405430907938e+35, 2.5078196001854433e+35, 1.7305983780151966e+35, 1.1909575785092991e+35, 7.836033650709701e+34, 4.87524327993153e+34, 2.8164126891978023e+34, 1.4437642785343952e+34, 6.478825641424433e+33, 2.2202214407907136e+33, 5.237165428314816e+32, 5.281974404238057e+31, 1.2268636306140134e+30, 2.2376713032091719e+24, 3.271871903489263e+24, 2.949825274129771e+24, 4.4238082309940686e+24, 3.8529758981438327e+24, 100183521282.04051, 
6, 42.0, 14.40612417186194, 3.9427232359972427e+24, 5.429955773843577e+20, 2.59296283667692e+27, 7.547381315226031e+27, 1.1989368048729954e+28, 1.8063266621330058e+28, 2.7089207031644895e+28, 4.2539883121386036e+28, 6.335724617136389e+28, 9.479737079354733e+28, 1.3925034901019085e+29, 1.980597800140943e+29, 2.7529371236812758e+29, 3.739351512705248e+29, 4.558230600711666e+29, 5.405007393263113e+29, 2.876049075353382e+29, 3.997571979786172e+29, 5.318587301691943e+29, 8.218570640012108e+29, 1.5660163512349116e+30, 4.558230600711667e+27, 6.820187153485527e+27, 8.105807623454907e+27, 1.7013602909849085e+28, 2.2428296683031503e+28, 2.6350950934351986e+28, 5.858632984041477e+28, 9.722910595797057e+28, 1.296570966250325e+29, 2.0596635927632366e+29, 3.234419095515395e+29, 5.5181854575142404e+29, 8.685529353074083e+29, 1.3893008209478038e+30, 2.2479999246567632e+30, 3.4418844985041224e+30, 5.633733411997797e+30, 8.806357102231953e+30, 1.389300820947804e+31, 2.2740305369605764e+31, 3.6458289766704443e+31, 5.6078487582169235e+31, 8.90832991149356e+31, 1.4053881662572053e+32, 2.2120568916124483e+32, 3.595806327809901e+32, 5.607848758216924e+32, 8.74573456635222e+32, 1.418392062853102e+33, 2.2222672823080045e+33, 3.513955782884254e+33, 5.532179873598661e+33, 8.669544743632865e+33, 1.356426582775444e+34, 2.1003723494470406e+34, 3.2583391928094956e+34, 4.9727461788264e+34, 7.728519238410801e+34, 1.1622412689602342e+35, 1.7835951894565773e+35, 2.6594773281359927e+35, 3.985623696923986e+35, 5.9456082738975196e+35, 8.761859651977087e+35, 1.288535215738771e+36, 1.8849346255669636e+36, 2.727070041043432e+36, 3.9101758791739413e+36, 5.613016157108535e+36, 7.906718778474225e+36, 1.1091653460561034e+37, 1.5300171270262026e+37, 2.1013398294127536e+37, 2.8287612381679163e+37, 3.7410739442894563e+37, 4.866271016227989e+37, 6.201493492924484e+37, 7.724960943163597e+37, 9.336762082466476e+37, 1.094198946602067e+38, 1.2482348174493438e+38, 1.3746631546255143e+38, 1.4611550127958424e+38, 1.5090245050503478e+38, 1.4989815669528416e+38, 1.4551115646934394e+38, 1.3674022568146085e+38, 1.2618167621632115e+38, 1.1370938020725324e+38, 1.006459474056293e+38, 8.741707933981788e+37, 7.5006049529262205e+37, 6.33864299807821e+37, 5.289276764683317e+37, 4.331080863851028e+37, 3.5163839761168714e+37, 2.800891543510863e+37, 2.195312207241491e+37, 1.6986202310148657e+37, 1.305859017366932e+37, 9.965435724071285e+36, 7.601447359643988e+36, 5.8992430878111e+36, 4.5613804026389424e+36, 3.4498188617098024e+36, 2.3971559710521006e+36, 1.5314269740365658e+36, 9.837761561852229e+35, 6.3153335382511556e+35, 3.766138544728185e+35, 2.0549264979528734e+35, 1.0786891051426474e+35, 6.878540399365496e+34, 6.105149347240356e+34, 3.903878496744637e+34, 2.4254721502813135e+34, 1.0223422105265286e+34, 5.318587301691943e+33, 2.7151654103194316e+33, 1.264143256659289e+33, 5.417467222117386e+32, 1.9266210115058643e+32, 4.696737544745551e+31, 6.10655527168492e+30, 1.4784147688249135e+29, 1.6857621260799036e+23, 1.931062331623275e+23, 1.7980273449936927e+23, 2.2069693019408616e+16, 
6, 43.0, 12.40612417186194, 3.9427232359972424e+18, 2.0220704955084624e+25, 2.4479147677700346e+31, 7.146547627004907e+31, 1.1339562324957169e+32, 1.7092134132760865e+32, 2.5650527003172708e+32, 4.025281824961301e+32, 6.000622309912478e+32, 8.959758261312906e+32, 1.3164255184203074e+33, 1.8754102803966375e+33, 2.604931409330686e+33, 3.534242071004177e+33, 4.311181354864846e+33, 5.1097104677427067e+33, 2.7258144680071883e+33, 3.7843935389102603e+33, 5.033803893576428e+33, 7.79284956040683e+33, 1.4845550010559054e+34, 6.631263606173278e+31, 9.894555579144867e+31, 1.363001369943494e+32, 2.5008998030083456e+32, 3.668565625002977e+32, 5.2143033384065076e+32, 9.13474213912269e+32, 1.5852446360154037e+33, 2.2371561196655585e+33, 3.630749551135316e+33, 5.613016157108534e+33, 9.289584560423835e+33, 1.4411072144477472e+34, 2.261498439162524e+34, 3.650028809551341e+34, 5.5769441120688365e+34, 8.735671461232832e+34, 1.3822808530483076e+35, 2.1812040346299577e+35, 3.41504391165252e+35, 5.305133197634964e+35, 8.23372375885863e+35, 1.2849797756473806e+36, 2.0113900264896066e+36, 3.096679737085109e+36, 4.8729986643128225e+36, 7.474743468107769e+36, 1.1510555742029076e+37, 1.8071586978706725e+37, 2.772657926777386e+37, 4.27559235977494e+37, 6.620583881217697e+37, 1.015070700674584e+38, 1.5466651228520213e+38, 2.3415114851332076e+38, 3.542389340402766e+38, 5.295369776345298e+38, 7.963358954824513e+38, 1.1732654782753006e+39, 1.7353868104651824e+39, 2.517655433940304e+39, 3.648348296148377e+39, 5.252865639546955e+39, 7.473022542955842e+39, 1.0580258833795933e+40, 1.4804586858724674e+40, 2.0511446677195106e+40, 2.8092881827756266e+40, 3.8361562878787916e+40, 5.121607494892993e+40, 6.789632880307944e+40, 8.846597989458524e+40, 1.1412644578578283e+41, 1.441970223468936e+41, 1.7847865823000033e+41, 2.1683844906946716e+41, 2.5757060160151368e+41, 2.9630998898329814e+41, 3.2529043431119415e+41, 3.3426837672101557e+41, 3.112119697402627e+41, 2.6827258396130665e+41, 2.2401458361558876e+41, 1.7600146886381436e+41, 1.2449052325028628e+41, 8.030753438684664e+40, 5.226684583122315e+40, 3.7870086084639095e+40, 5.236321365006969e+40, 3.037360161285656e+40, 3.3743979017229603e+40, 1.2396420294067186e+40, 8.497600161741893e+39, 5.607848758216917e+39, 3.178310278161363e+39, 1.4239550900056168e+39, 5.790236362132177e+38, 4.502941370207816e+38, 3.703363077490852e+38, 2.938301063703252e+38, 2.2222672823080063e+38, 1.6132300099906285e+38, 1.1486726810563687e+38, 7.928596060489928e+37, 5.260127756955123e+37, 3.30214616146975e+37, 1.9399757103605514e+37, 1.0492918323459698e+37, 4.87075508213984e+36, 1.786472323316258e+36, 4.151416358784588e+35, 2.9943067707637684e+34, 3.1937159874701377e+32, 1.5878018087668882e+27, 2.0502002981582317e+27, 2.6169552264057544e+27, 3.264346806930447e+27, 3.9883778193679186e+27, 1001835.212820405, 
6, 43.0, 13.40612417186194, 3.942723235997242e+19, 1.4151298516339447e+24, 3.131816388056099e+30, 9.136845733406421e+30, 1.4480924603443182e+31, 2.1817063332464987e+31, 3.279414347187192e+31, 5.138025937783554e+31, 7.6700163961951595e+31, 1.144975759761936e+32, 1.681884980779565e+32, 2.3977080001648177e+32, 3.3250355451613155e+32, 4.516440491372854e+32, 5.508029940702664e+32, 6.528242708437605e+32, 3.481739642622397e+32, 4.8327718421816605e+32, 6.426822305871568e+32, 9.949386277251415e+32, 1.8953799942930653e+33, 6.528242708437605e+30, 9.812875579873786e+30, 1.2296918433716934e+31, 2.431063441039024e+31, 3.355801720261616e+31, 4.2834755504177945e+31, 8.507389019309351e+31, 1.4414390798526393e+32, 1.966963460787167e+32, 3.1535251021627582e+32, 4.9124290659371745e+32, 8.248904816506327e+32, 1.2897225472330163e+33, 2.0351493818163838e+33, 3.282436190819832e+33, 5.0049102314919865e+33, 8.029644025732745e+33, 1.258335045987056e+34, 1.972405897220261e+34, 3.1739223120384656e+34, 5.019914177597542e+34, 7.7196265718288075e+34, 1.2158956153210308e+35, 1.907200238375411e+35, 2.9654888287046963e+35, 4.76756137187848e+35, 7.372186142950577e+35, 1.1431317633652804e+36, 1.8339871665580497e+36, 2.849025211109371e+36, 4.46679778740285e+36, 6.990307689713466e+36, 1.0879183255678197e+37, 1.6880927020591668e+37, 2.5983418741300055e+37, 4.003098646382443e+37, 6.079897985875999e+37, 9.375540028061153e+37, 1.4034478913553441e+38, 2.136959504517677e+38, 3.1688106742969987e+38, 4.717330369722327e+38, 6.990307689713459e+38, 1.0237556046000938e+39, 1.4948454447155153e+39, 2.1691835002372955e+39, 3.113839993595736e+39, 4.428904261385552e+39, 6.300808674173885e+39, 8.786103042941007e+39, 1.219540682153095e+40, 1.6630154819901782e+40, 2.254739080436743e+40, 2.993617385521804e+40, 3.897591256320895e+40, 4.986505384584792e+40, 6.240168147601745e+40, 7.618970505544591e+40, 9.009408778347661e+40, 1.0315642727318876e+41, 1.1465586954331455e+41, 1.2282769229678764e+41, 1.2670574078304589e+41, 1.2682249484199304e+41, 1.221226704264751e+41, 1.1513206450597834e+41, 1.0590008101318636e+41, 9.609400457563451e+40, 8.544689628810102e+40, 7.279411867185781e+40, 5.606557651971278e+40, 4.016023933667651e+40, 2.893318822445955e+40, 2.0323396603729531e+40, 1.3088693332981345e+40, 7.735640746758886e+39, 4.4915505556323136e+39, 3.135424101288846e+39, 3.4857504518861783e+39, 2.271937041672615e+39, 2.0211395120157947e+39, 8.156358238572865e+38, 5.444980043344684e+38, 3.535055954013096e+38, 2.054453388111605e+38, 9.853630945813558e+37, 4.303247175221163e+37, 2.8523071614796893e+37, 1.9805978001409387e+37, 1.3652000400315453e+37, 9.345365519562647e+36, 6.313879546368339e+36, 4.189828941409302e+36, 2.680379528532918e+36, 1.6150883792349782e+36, 8.867399853455359e+35, 4.207230365725993e+35, 1.5534464692374978e+35, 0.020691705679514723, 
6, 43.0, 14.40612417186194, 3.9427232359972425e+20, 7.652375848003951e+22, 3.234419095515395e+29, 9.436181643857829e+29, 1.4989815669528415e+30, 2.258376220854821e+30, 3.3868525712751354e+30, 5.318587301691943e+30, 7.921296915547501e+30, 1.1824867752144644e+31, 1.7409900631096006e+31, 2.4762602848555627e+31, 3.4418844985041225e+31, 4.675157995918023e+31, 5.698968970354498e+31, 6.7576593018207395e+31, 3.595806327809901e+31, 4.998000466672985e+31, 6.649611801941643e+31, 1.0275342158157355e+32, 1.957926084600051e+32, 5.8049207139907175e+29, 8.685529353074083e+29, 1.0370418728545729e+30, 2.161704329355499e+30, 2.8694343460368683e+30, 3.40248557244799e+30, 7.460987155722637e+30, 1.2410700419078385e+31, 1.6588086537341268e+31, 2.6411696149834792e+31, 4.138055320612498e+31, 7.043626072189555e+31, 1.1086546741333841e+32, 1.7733574849712365e+32, 2.8694343460368687e+32, 4.383250513348473e+32, 7.158075788932582e+32, 1.1189129295315228e+33, 1.7611497779123194e+33, 2.882679053195803e+33, 4.6131363621700604e+33, 7.102255509377387e+33, 1.1266688634330379e+34, 1.7786737361924779e+34, 2.790591662458531e+34, 4.538332302816997e+34, 7.07125163786912e+34, 1.1020372956105821e+35, 1.7864723233162578e+35, 2.7944496717208416e+35, 4.4156667759438554e+35, 6.945384481447737e+35, 1.0876678519538805e+36, 1.7001854387580582e+36, 2.6308512430167845e+36, 4.0784607989304335e+36, 6.221517002728778e+36, 9.660426316559011e+36, 1.452099220674032e+37, 2.2263646225527526e+37, 3.3173881756197007e+37, 4.9693123136112e+37, 7.406214608079724e+37, 1.0909285118012414e+38, 1.6028625882781385e+38, 2.3431295027445773e+38, 3.3868525712751423e+38, 4.8517262918603106e+38, 6.958190143294811e+38, 9.792561153280331e+38, 1.3718173533598165e+39, 1.8901500945295076e+39, 2.5923658536523172e+39, 3.484145574045639e+39, 4.599348228168797e+39, 5.971676767058661e+39, 7.594449391072115e+39, 9.438354655144205e+39, 1.1376175737137504e+40, 1.3298305090562963e+40, 1.511806792709473e+40, 1.6591906525194938e+40, 1.7566947053473906e+40, 1.8059107879296007e+40, 1.7852386980821581e+40, 1.7242343481461298e+40, 1.6121160149833988e+40, 1.480799613331774e+40, 1.3292182404658978e+40, 1.173535663740399e+40, 1.0181137255005692e+40, 8.739695313064622e+39, 7.404509460464429e+39, 6.20863733769858e+39, 5.126208806048583e+39, 4.214017087854568e+39, 3.425281684645164e+39, 2.764370771134728e+39, 2.212566295179798e+39, 1.7198726582795056e+39, 1.2005943420040433e+39, 7.714295884074766e+38, 5.074535468299728e+38, 3.2703654976844055e+38, 1.9665106028520342e+38, 1.1181402787568027e+38, 6.456487169791994e+37, 4.569790519479571e+37, 4.927155767824646e+37, 3.3806195009133855e+37, 2.979176903210925e+37, 1.2539964075848826e+37, 8.35595884551999e+36, 5.378934951931732e+36, 3.033166790492905e+36, 1.447425742651032e+36, 6.80920316502261e+35, 4.264776656045623e+35, 100183521.2820405, 
6, 44.0, 12.40612417186194, 3.942723235997242e+20, 8.949448894095781e+26, 6.745222691421375e+32, 1.9683226604070156e+33, 3.122455749081708e+33, 4.7064808109440354e+33, 7.061489087986361e+33, 1.1083994263484056e+34, 1.6523281139710988e+34, 2.467722337827924e+34, 3.6249021879641917e+34, 5.165308824803892e+34, 7.172925040613363e+34, 9.736352576449345e+34, 1.18712456628104e+35, 1.4076552108775513e+35, 7.528289167666404e+34, 1.0444707742998892e+35, 1.3912215374422485e+35, 2.154250946055552e+35, 4.101061597017503e+35, 3.986541526360037e+33, 5.941502611412282e+33, 8.765895566693783e+33, 1.622543288474599e+34, 2.417109316671792e+34, 3.628242384241925e+34, 6.053357068601383e+34, 1.015304456252028e+35, 1.5166881455917332e+35, 2.4015757650666694e+35, 3.789625485067678e+35, 6.1915059175916844e+35, 9.521300944621048e+35, 1.518085710501266e+36, 2.459780149065264e+36, 3.8079943236965613e+36, 5.960686657308257e+36, 9.578473285912079e+36, 1.5254440818102253e+37, 2.390541526727502e+37, 3.7333292448480665e+37, 5.888386283012657e+37, 9.306712378026783e+37, 1.4675614404822506e+38, 2.2756019242806727e+38, 3.5538270800003466e+38, 5.482722841909833e+38, 8.446879375443279e+38, 1.3031556531049724e+39, 1.98333598816058e+39, 3.001209360748648e+39, 4.548794239251615e+39, 6.762328940142563e+39, 9.953969194131333e+39, 1.4470924989247814e+40, 2.0825541006572165e+40, 2.957306190199087e+40, 4.1494094562566587e+40, 5.736622769264604e+40, 7.849939187649315e+40, 1.0565165203525647e+41, 1.4124604378546179e+41, 1.876446956835711e+41, 2.4588740994794904e+41, 3.2047067295845662e+41, 4.136921617226337e+41, 5.2971990481575e+41, 6.728004795509233e+41, 8.531321182441064e+41, 1.0605137222705894e+42, 1.3110712449635103e+42, 1.5934788089692904e+42, 1.9059710172373627e+42, 2.1989547488988186e+42, 2.4114390660795325e+42, 2.471020181059383e+42, 2.4179999767082748e+42, 2.3434532404109062e+42, 2.172782688196048e+42, 1.883372792928618e+42, 1.5462378225217747e+42, 1.3110410567800208e+42, 1.0784904215663667e+42, 1.532414639846194e+42, 8.68292985000229e+41, 9.670441283366283e+41, 3.37437459228855e+41, 2.272250943057517e+41, 1.5086770793177176e+41, 8.446101424928483e+40, 3.496200192140949e+40, 1.049050251786892e+40, 8.111408851367883e+39, 7.34507597492427e+39, 6.585614308600365e+39, 5.766287504790729e+39, 4.858433831778816e+39, 3.904777501485562e+39, 2.971640662140451e+39, 2.1110391733689603e+39, 1.3461587930603286e+39, 7.476464789562978e+38, 3.589188704699109e+38, 1.352372379730512e+38, 3.2598400590208465e+37, 2.880688456657905e+36, 4.675157995918022e+34, 1.777445496171318e+29, 2.403235287946479e+29, 3.226980138024598e+29, 4.3131671844680916e+29, 5.71210645062972e+29, 7.460987155722635e+29, 9.633770415652106e+29, 1.2156156772394861e+30, 1.5059005514970782e+30, 1.814664287179688e+30, 2.1173677420183373e+30, 2206969301940.8613, 
6, 44.0, 13.40612417186194, 3.9427232359972424e+21, 1.628531983667225e+26, 2.0454849683214883e+32, 5.9606866573082694e+32, 9.455756769948539e+32, 1.4252672052696046e+33, 2.1389286236311175e+33, 3.356574511130648e+33, 5.003757940990346e+33, 7.471302014015948e+33, 1.0977319186772806e+34, 1.5642144457412537e+34, 2.1721824090881095e+34, 2.9477883106420932e+34, 3.594978458120795e+34, 4.260850459942034e+34, 2.2729835482940477e+34, 3.1549776885855924e+34, 4.196587593139727e+34, 6.4982481577644005e+34, 1.2376455719132903e+35, 5.1403926310793435e+32, 7.657663748135752e+32, 1.0456739581928009e+33, 1.935513890040928e+33, 2.804763792418849e+33, 3.894003094773852e+33, 6.964601825489591e+33, 1.2206644380603846e+34, 1.7072467409378402e+34, 2.7739350769915564e+34, 4.290385264357411e+34, 7.113712223281388e+34, 1.1089099806981037e+35, 1.7401884921390318e+35, 2.8157642608663525e+35, 4.3131671844680914e+35, 6.795106883384283e+35, 1.0771998700346037e+36, 1.6966657475106002e+36, 2.6754466317368615e+36, 4.181155237990105e+36, 6.477334008427417e+36, 1.0169422532399519e+37, 1.5929285359208188e+37, 2.453557794104153e+37, 3.874327171234699e+37, 5.955199189472055e+37, 9.18113328781391e+37, 1.4457602910768619e+38, 2.2227790371753922e+38, 3.4331777744121364e+38, 5.3222625208725255e+38, 8.173278402574273e+38, 1.2476601164126625e+39, 1.8927632380681866e+39, 2.869434346036868e+39, 4.3022564300095825e+39, 6.487782655691247e+39, 9.576268014832855e+39, 1.4223166444699893e+40, 2.0696470669388082e+40, 3.0102065218199574e+40, 4.356084466543662e+40, 6.224382777008299e+40, 8.847005399732507e+40, 1.2453639570347443e+41, 1.7337891959866346e+41, 2.3866915325911517e+41, 3.278659321057165e+41, 4.3997327004697265e+41, 5.8661922571832384e+41, 7.675846696588074e+41, 9.948240877760872e+41, 1.2608873636589945e+42, 1.5651151391730444e+42, 1.906409933812758e+42, 2.2711001832987886e+42, 2.6404399336632943e+42, 2.972461870248164e+42, 3.246581371113944e+42, 3.4512807756497555e+42, 3.547670627803544e+42, 3.5133247273434173e+42, 3.343453537211098e+42, 2.962963437182237e+42, 2.3312362753285895e+42, 1.667962538268678e+42, 1.1920275485133049e+42, 8.281638939643246e+41, 5.321037165718007e+41, 3.2136331030961676e+41, 2.006301936517496e+41, 1.4344859282456565e+41, 1.8348319433622583e+41, 1.0781924648163924e+41, 1.06929193775018e+41, 3.8194101011951345e+40, 2.477400907477125e+40, 1.5794151238989355e+40, 9.050994319800845e+39, 4.307212438130757e+39, 1.8543695716561712e+39, 1.2761340370917454e+39, 9.242645420656147e+38, 6.5932006434754014e+38, 4.614198698373296e+38, 3.1966588636362603e+38, 2.2029076563109565e+38, 1.4924379792385262e+38, 9.915081590659236e+37, 6.395820877876144e+37, 3.909275631553713e+37, 2.1857288886036283e+37, 1.0560787216307776e+37, 3.930938889721758e+36, 8.914485693677949e+35, 5.930568033348391e+34, 5.211902615808276e+32, 22069693019408.613, 
6, 44.0, 14.40612417186194, 3.942723235997242e+22, 9.306712378026803e+24, 2.51649627769208e+31, 7.341694221172253e+31, 1.16626244842423e+32, 1.7570992458241917e+32, 2.6350950934351985e+32, 4.138055320612497e+32, 6.1630585319348164e+32, 9.200179322380418e+32, 1.3514385165680336e+33, 1.9266210115058646e+33, 2.6779119442935126e+33, 3.629077914114943e+33, 4.4309443168757563e+33, 5.250447162441201e+33, 2.7976687534963187e+33, 3.88862704518558e+33, 5.17006844159223e+33, 8.001958456585683e+33, 1.5243907062342576e+34, 4.918087965805551e+31, 7.392584414324626e+31, 9.094865740537924e+31, 1.8356771092901525e+32, 2.504934027559655e+32, 3.1246134102440797e+32, 6.379641762118603e+32, 1.0809268190869977e+33, 1.4648605807529819e+33, 2.3431295027445726e+33, 3.662657358617657e+33, 6.182957942146127e+33, 9.680466632692596e+33, 1.533897333020866e+34, 2.481968654354999e+34, 3.7887529920060095e+34, 6.113589751849281e+34, 9.591715581140355e+34, 1.5083297335736142e+35, 2.4394745538138463e+35, 3.877897202238315e+35, 5.974427459161118e+35, 9.444876691935967e+35, 1.486265142411087e+36, 2.3195102303415908e+36, 3.7427971692654016e+36, 5.806257500278234e+36, 9.02394193878963e+36, 1.4524336173733037e+37, 2.2620192283776807e+37, 3.5546454731434744e+37, 5.57180992146317e+37, 8.685529353074083e+37, 1.3501943687342969e+38, 2.081116020001605e+38, 3.2106746002751928e+38, 4.880859343427765e+38, 7.53696142206603e+38, 1.1292661033982084e+39, 1.721457449248607e+39, 2.5550316976047285e+39, 3.807117601540411e+39, 5.648020863929833e+39, 8.28125756485743e+39, 1.2105877984767743e+40, 1.7591233460315355e+40, 2.528694083047061e+40, 3.600777551047167e+40, 5.130932393799363e+40, 7.167971870493168e+40, 9.965435724071275e+40, 1.3617465772311307e+41, 1.8501046399919634e+41, 2.4620467339472617e+41, 3.214373154662239e+41, 4.123787637469123e+41, 5.174832444169075e+41, 6.340102692613023e+41, 7.523090605468931e+41, 8.641642430724818e+41, 9.640427487503081e+41, 1.0363257570735034e+42, 1.0722505862028064e+42, 1.0752174210078746e+42, 1.0348950086832147e+42, 9.722910595797068e+41, 8.847005399732508e+41, 7.924945647673606e+41, 6.977442919616925e+41, 6.092510584296002e+41, 5.283190763823725e+41, 4.592998381097146e+41, 3.98745956715845e+41, 3.4260704757092413e+41, 2.8235552637527137e+41, 2.1042449439926444e+41, 1.4288817598103345e+41, 9.689386779205946e+40, 6.3679008448069605e+40, 3.8485425482415217e+40, 2.1066689406095395e+40, 1.1300464422753918e+40, 7.524823060545678e+39, 7.994591773486638e+39, 5.2143033384065135e+39, 4.6397682890244866e+39, 1.8754102803966342e+39, 1.2271461589307378e+39, 7.888533829910708e+38, 4.409570518962297e+38, 1.992031916022259e+38, 7.498878073632875e+37, 4.823877741744542e+37, 3.3350034870046573e+37, 2.2682780613994e+37, 1.5059005514970753e+37, 9.616040689428102e+36, 5.757000833618632e+36, 10018352128.204052, 
6, 45.0, 12.40612417186194, 3.942723235997242e+20, 4.185007998268418e+33, 1.934622758161275e+34, 4.0215761101978783e+34, 6.227249871329581e+34, 9.369065870801073e+34, 1.4354771783462436e+35, 2.1988534856220123e+35, 3.2809249211009133e+35, 4.866271016227989e+35, 7.045248113766265e+35, 9.924217925077446e+35, 1.36425731889504e+36, 1.7696863143587925e+36, 2.1330267029942648e+36, 1.9615360416050123e+36, 1.4567877885190405e+36, 1.9851635496068292e+36, 2.835935129309347e+36, 4.8696336784467925e+36, 4.4350272473788686e+36, 1.982879360745699e+35, 3.1433757059988406e+35, 4.716244289307946e+35, 8.085302859116994e+35, 1.2450772343978912e+36, 2.0225361480546245e+36, 3.1973950062892404e+36, 5.1439447152178357e+36, 8.02040487591758e+36, 1.2632703189705386e+37, 2.012316519144291e+37, 3.23963656680659e+37, 5.046569891877235e+37, 7.990910975518301e+37, 1.2802544449309935e+38, 2.0035320417749276e+38, 3.1615226119877046e+38, 5.043085048656877e+38, 7.976204722642879e+38, 1.2499605093705382e+39, 1.9525236021439002e+39, 3.054895032855729e+39, 4.7358320503375886e+39, 7.269361931882969e+39, 1.0901751853023126e+40, 1.6262836370462316e+40, 2.380654065419907e+40, 3.4315971016104437e+40, 4.896280527755442e+40, 6.85940257820661e+40, 9.543030071192058e+40, 1.3162133527950632e+41, 1.7863489224422e+41, 2.4060037081459513e+41, 3.20706891492068e+41, 4.249269659136745e+41, 5.570783650671813e+41, 7.249804448310813e+41, 9.371654997054745e+41, 1.2037222613562778e+42, 1.531532764918055e+42, 1.947674114597017e+42, 2.4736958036874026e+42, 3.11333814233267e+42, 3.9040582811329285e+42, 4.8696336784467875e+42, 5.995098076914517e+42, 7.297872848481838e+42, 8.719594571634244e+42, 9.919648706008988e+42, 1.0786891051426493e+43, 1.1431317633652802e+43, 1.2246057445168268e+43, 1.2858677148782803e+43, 1.3270775194725544e+43, 1.3655144251511953e+43, 1.5145942102552205e+43, 1.5121549391682157e+43, 2.558564043840637e+43, 1.7294033358075174e+43, 2.220732724531439e+43, 9.001114626392236e+42, 6.520731116115492e+42, 4.355081556496731e+42, 2.4199494398890433e+42, 9.586857948517644e+41, 2.4670405751410103e+41, 1.734188461667738e+41, 1.453169561199731e+41, 1.2121218844518953e+41, 1.016591074478954e+41, 8.561429648946752e+40, 7.179369279075701e+40, 5.904135178442689e+40, 4.672575121872119e+40, 3.4395077499170875e+40, 2.255777665280428e+40, 1.2542851841737158e+40, 5.2734677247860077e+39, 1.270855849796535e+39, 8.022251855021458e+37, 9.103246280237438e+35, 5.102656016015864e+30, 6.757659301820738e+30, 8.928865732816051e+30, 1.1716456712957254e+31, 1.5268497149500267e+31, 1.9805978001409427e+31, 2.557386052818545e+31, 3.2568390176134595e+31, 4.106731338613676e+31, 5.108534048872892e+31, 6.25167355574446e+31, 7.49887807363286e+31, 8.780035913726795e+31, 1.0048385597026754e+32, 1.1178828470820832e+32, 1.2072474377786153e+32, 100183521.28204049, 
6, 45.0, 13.40612417186194, 3.9427232359972424e+21, 1.523338058053091e+28, 6.971019415782285e+33, 2.0342123766606385e+34, 3.226980138024598e+34, 4.864030531538157e+34, 7.297872848481841e+34, 1.1455031620147263e+35, 1.707639894289129e+35, 2.550916790189824e+35, 3.746246000854458e+35, 5.33821784001498e+35, 7.414746238014379e+35, 1.0062277548768073e+36, 1.2271461589307378e+36, 1.455111564693439e+36, 7.789261646771946e+35, 1.0806779551415913e+36, 1.440112076598936e+36, 2.2299559918709735e+36, 4.243227258843421e+36, 5.058203436954772e+34, 7.67001639619516e+34, 1.1264094682051954e+35, 2.071077222385357e+35, 3.0739464130765982e+35, 4.72711635522834e+35, 7.818011273428738e+35, 1.2918030105759163e+36, 1.9480329224740137e+36, 3.079614050110521e+36, 4.876365975431772e+36, 7.950533875260345e+36, 1.2248877528762057e+37, 1.9511753123583025e+37, 3.1578848690239314e+37, 4.8943643053882e+37, 7.664719966102857e+37, 1.227994134313084e+38, 1.9511753123583027e+38, 3.0534885255881904e+38, 4.764269194363777e+38, 7.497151591922399e+38, 1.1794955109524934e+39, 1.8509568408763123e+39, 2.852964005093771e+39, 4.4238082309940596e+39, 6.777917718310666e+39, 1.0339422739731898e+40, 1.578687943807203e+40, 2.3790101357097015e+40, 3.563660245873896e+40, 5.341906624175685e+40, 7.854097573861014e+40, 1.1447121497007061e+41, 1.6473894952828828e+41, 2.3485309740957535e+41, 3.2998659073744e+41, 4.58475668413243e+41, 6.278794834933394e+41, 8.515620373477628e+41, 1.1349749918340177e+42, 1.5053111979452812e+42, 1.981829516620941e+42, 2.5766551159993057e+42, 3.332593111869717e+42, 4.27334830820538e+42, 5.435710171004519e+42, 6.864458635297625e+42, 8.670542919315859e+42, 1.074549168261646e+43, 1.3283309516915717e+43, 1.6232906693499534e+43, 1.970680831713061e+43, 2.355951210267803e+43, 2.774573872688524e+43, 3.224603286960839e+43, 3.683293209387692e+43, 4.097286118636948e+43, 4.370149481708747e+43, 4.375183699606826e+43, 3.9663980173927235e+43, 3.327333191832986e+43, 2.7132904881495225e+43, 2.087258759637913e+43, 1.443465114424251e+43, 9.069561547511377e+42, 5.730022038643358e+42, 4.072558133543296e+42, 5.597399341165048e+42, 3.230890894307848e+42, 3.5815357648892435e+42, 1.3125210955231123e+42, 8.97979231372309e+41, 5.921562157443466e+41, 3.3496257950324247e+41, 1.4910640258872696e+41, 5.944239404602442e+40, 4.584545553146018e+40, 3.75401749578761e+40, 2.9702724861007273e+40, 2.244896342359767e+40, 1.6315346151191921e+40, 1.164384169574991e+40, 8.07228138751729e+39, 5.390093419826039e+39, 3.416616959672994e+39, 2.0300011892604945e+39, 1.1124904520629324e+39, 5.239577787547375e+38, 1.9475844229546124e+38, 4.568738407460268e+37, 3.273379003179385e+36, 3.5464700154217986e+34, 8.949448894095781e+30, 1.158233954200794e+31, 1.4716220699808218e+31, 1.8356771092901526e+31, 2.227390137466458e+31, 22069693019408.613, 
6, 45.0, 14.40612417186194, 3.942723235997242e+22, 1.8526624204559974e+27, 2.3702616636466265e+33, 6.908699329301529e+33, 1.0959640090204395e+34, 1.651947695161715e+34, 2.479112826604653e+34, 3.89041823652426e+34, 5.7995766458420255e+34, 8.659569304814016e+34, 1.2723198192309243e+35, 1.8125762798957062e+35, 2.5170757890897925e+35, 3.4166169596729874e+35, 4.1667389497854215e+35, 4.938514034916382e+35, 2.6344884102167903e+35, 3.656758607562099e+35, 4.8651506449104134e+35, 7.531756871356054e+35, 1.434485928245657e+36, 6.192931728660852e+33, 9.206536776642691e+33, 1.2563084831792363e+34, 2.339894584822867e+34, 3.3993532101522772e+34, 4.750029341709798e+34, 8.43327558077904e+34, 1.4780743904331331e+35, 2.073940498734389e+35, 3.366637001911688e+35, 5.2071044860601534e+35, 8.601937690358301e+35, 1.3378157123562645e+36, 2.1056990070624296e+36, 3.400136030277059e+36, 5.1927365837912434e+36, 8.190233667038584e+36, 1.2986624768411414e+37, 2.0445432045480568e+37, 3.2173350655469205e+37, 5.018758432707354e+37, 7.782090774486281e+37, 1.221507934481775e+38, 1.9142395827060504e+38, 2.9505045747044638e+38, 4.653677596111111e+38, 7.15478013212262e+38, 1.1038150021420701e+39, 1.7361861696703836e+39, 2.6692932752377e+39, 4.119991237268114e+39, 6.384050184964648e+39, 9.790306592322834e+39, 1.4924379792385263e+40, 2.260457220411632e+40, 3.4189778903996403e+40, 5.116774672290251e+40, 7.687697610049791e+40, 1.1316087380780298e+41, 1.6745429546067564e+41, 2.427148185901877e+41, 3.515574391994798e+41, 5.064030262417157e+41, 7.201057725368804e+41, 1.018348181841048e+42, 1.4255954229576525e+42, 1.9737688576408007e+42, 2.701446010075176e+42, 3.688045686545219e+42, 4.9183144573413914e+42, 6.515778200470989e+42, 8.471031415134004e+42, 1.0907024592091983e+43, 1.3731762782533524e+43, 1.6927635245768663e+43, 2.0476998210808742e+43, 2.4208968890274726e+43, 2.7912985652023444e+43, 3.11319477111402e+43, 3.3603947098387357e+43, 3.5201834139669236e+43, 3.5504899881520703e+43, 3.4425978432901575e+43, 3.236266609216393e+43, 2.9227138147124397e+43, 2.5825354537253216e+43, 2.2296479333458956e+43, 1.9095291492972674e+43, 1.6169861212908032e+43, 1.3258863279261868e+43, 9.884308513598012e+42, 6.870625743989025e+42, 4.822322957902552e+42, 3.305950087028298e+42, 2.068217899067506e+42, 1.1716456712957238e+42, 6.406138035556864e+41, 4.2159581613545755e+41, 4.690253242260647e+41, 2.8873291293787613e+41, 2.6576408606471377e+41, 1.0041446815007772e+41, 6.570467816001304e+40, 4.1753827469702984e+40, 2.3377404544327734e+40, 1.0246989527188784e+40, 3.69314443123435e+39, 2.382847738913854e+39, 1.6830471871306633e+39, 1.191780547069845e+39, 8.448824565236162e+38, 5.938767078271813e+38, 4.106731338613677e+38, 2.745973187503622e+38, 1.7321930522879785e+38, 9.944805470396854e+37, 4.909036851920001e+37, 1.8719588268748548e+37, 220696930194086.16, 
6, 46.0, 12.40612417186194, 3.942723235997242e+25, 1.418392062853102e+29, 3.081742107051924e+33, 9.302427465302831e+33, 1.4903775236126497e+34, 2.2966578096419253e+34, 3.3396141487921886e+34, 5.285624323387758e+34, 7.994591773486645e+34, 1.2490973653935156e+35, 1.7672430904706463e+35, 2.5727423312383877e+35, 3.632421958150277e+35, 5.199915572428844e+35, 6.3211528548791045e+35, 7.945043737470312e+35, 6.62821049948558e+35, 9.356130965129133e+35, 1.3918623661818254e+36, 2.227390137466453e+36, 3.838807126225375e+36, 3.25908953951837e+36, 5.2251202820789587e+36, 7.912182433174592e+36, 1.3286062537706895e+37, 2.0744180961653282e+37, 3.3806195009133846e+37, 5.289276764683316e+37, 8.50543034610498e+37, 1.3304430596717345e+38, 2.1008560337372733e+38, 3.346542095977211e+38, 5.371508809648365e+38, 8.394528199125805e+38, 1.3279945488408886e+39, 2.1178553400929003e+39, 3.325801251041074e+39, 5.256495444127842e+39, 8.375221320028042e+39, 1.3234157300550208e+40, 2.0768077335796843e+40, 3.2463571129635856e+40, 5.081317034519875e+40, 7.850662227064176e+40, 1.1965098889701065e+41, 1.777077189579935e+41, 2.614726643893677e+41, 3.7604108088604335e+41, 5.311366772534239e+41, 7.402293355457452e+41, 1.012316445830444e+42, 1.3743150180385024e+42, 1.8458495173983828e+42, 2.441497547345914e+42, 3.208014276509158e+42, 4.1724994907051656e+42, 5.390093419826037e+42, 6.883293568238401e+42, 8.727629314593162e+42, 1.0974791856601582e+43, 1.370238899071416e+43, 1.6935432505131488e+43, 2.0863938425264374e+43, 2.540366004612623e+43, 3.0247974089819764e+43, 3.501839944934906e+43, 3.8877317587965464e+43, 4.235418140049876e+43, 4.738013483849073e+43, 5.333303423206343e+43, 5.938767078271812e+43, 6.675692017684985e+43, 8.152602961545072e+43, 9.071859016549701e+43, 1.4648605807529803e+44, 1.2699782768138749e+44, 1.5374333315605355e+44, 8.609864017405145e+43, 7.583964515860588e+43, 6.114997619992594e+43, 3.997571979786167e+43, 1.757099245824195e+43, 3.496602730234687e+42, 2.550505664115341e+42, 2.5192791497522105e+42, 2.386746488827301e+42, 2.1532591052298803e+42, 1.8391887100919205e+42, 1.4789595372980868e+42, 1.1197634620670109e+42, 8.032602800907528e+41, 5.406376570491014e+41, 3.306109947752403e+41, 1.755198715251763e+41, 7.262836915556727e+40, 1.8034175526363558e+40, 1.1433950094872127e+39, 1.2918030105759164e+37, 1.2041935379873634e+33, 1.6451151140350305e+33, 2.2294425846389386e+33, 2.994306770763769e+33, 3.992052943290062e+33, 5.285624323387759e+33, 6.945384481447736e+33, 9.065594562263491e+33, 1.1740762213439197e+34, 1.5083297335736109e+34, 1.9173274602421044e+34, 2.4143281180252773e+34, 2.9943067707637684e+34, 3.6601281582026927e+34, 4.396390819853005e+34, 5.180793621062227e+34, 5.971676767058659e+34, 6.7173239380942e+34, 7.372186142950577e+34, 7.857715352419877e+34, 8.118883176535184e+34, 3.5958063278099003e+22, 
6, 46.0, 13.40612417186194, 3.942723235997242e+26, 8.928865732816051e+28, 7.554335912527843e+34, 2.204937543897505e+35, 3.4986161160087895e+35, 5.2758968056939225e+35, 7.91036079557404e+35, 1.2416417074041533e+36, 1.85138308851096e+36, 2.7675552033540925e+36, 4.062527299114212e+36, 5.791569766833407e+36, 8.044448808163535e+36, 1.0926882986510538e+37, 1.3322824049676593e+37, 1.5808704891044753e+37, 8.530928309627805e+36, 1.1841215700834887e+37, 1.5819628930106265e+37, 2.452992906581579e+37, 4.65474926835324e+37, 1.4852388213422907e+36, 2.33128995464555e+36, 3.486553168001583e+36, 6.079897985875998e+36, 9.29814452539984e+36, 1.503821509482263e+37, 2.382847738913854e+37, 3.8556383590794277e+37, 5.984064863229343e+37, 9.416647041817259e+37, 1.4958784040971716e+38, 2.4232392363273554e+38, 3.757476666439885e+38, 5.960686657308257e+38, 9.576268014832855e+38, 1.49587840409717e+39, 2.3588280977568806e+39, 3.772213737569773e+39, 5.981309733960082e+39, 9.388501766875898e+39, 1.4712832554856956e+40, 2.3179085227116697e+40, 3.6257369486400365e+40, 5.625955495685764e+40, 8.550594130406986e+40, 1.2953773300329404e+41, 1.9261774416935917e+41, 2.8235552637527137e+41, 4.1021949187803285e+41, 5.845158502091091e+41, 8.262781954032545e+41, 1.1565017448518178e+42, 1.59109566445839e+42, 2.1687340211490325e+42, 2.9205610727858e+42, 3.902168262403202e+42, 5.154378328302037e+42, 6.757659301820739e+42, 8.779227279773908e+42, 1.134687556822268e+43, 1.4511967340949893e+43, 1.8552664556634742e+43, 2.369170369111125e+43, 3.001002051710881e+43, 3.7994111451085246e+43, 4.787362265792785e+43, 6.004768824947008e+43, 7.497151591922396e+43, 9.371223426330244e+43, 1.1513206450597834e+44, 1.4096013024232127e+44, 1.6997940016609895e+44, 2.0202089571581693e+44, 2.318976204857965e+44, 2.5327731428079937e+44, 2.585212768990727e+44, 2.5217166871544946e+44, 2.438912908703881e+44, 2.259416481049305e+44, 1.9588279505295344e+44, 1.6106318848337947e+44, 1.369292698416317e+44, 1.1300464422753915e+44, 1.6058178913787305e+44, 9.13474213912268e+43, 1.0148369989151559e+44, 3.5565284926637084e+43, 2.4003042403047363e+43, 1.5977038890835153e+43, 8.988894687727146e+42, 3.7607225337515634e+42, 1.1639016727173561e+42, 9.11793081081965e+41, 8.308570175566896e+41, 7.500086847386565e+41, 6.615555120961046e+41, 5.616636169189581e+41, 4.551099099864881e+41, 3.4913733481076994e+41, 2.5008998030083412e+41, 1.6084082510382968e+41, 9.019787216685503e+40, 4.369143333445218e+40, 1.659572739273462e+40, 4.054117133110382e+39, 3.676175973912298e+38, 6.038044262535564e+36, 2.9949963147608286e+33, 3.989296283037107e+33, 5.268612917581948e+33, 6.923031255667308e+33, 9.03225712516195e+33, 1.1654571010549047e+34, 1.4852388213422936e+34, 1.8526624204559972e+34, 2.268800411860005e+34, 2.7051807749527076e+34, 3.129653752971043e+34, 2.2069693019408614e+18, 
6, 46.0, 14.40612417186194, 3.942723235997243e+21, 1.0346567427336689e+29, 6.697246629444085e+34, 1.953872823616843e+35, 3.099533198391041e+35, 4.6719296263531026e+35, 7.009649332813352e+35, 1.1002624520955445e+36, 1.6401980541740135e+36, 2.4496063115572605e+36, 3.598291080928727e+36, 5.127389295150233e+36, 7.120267212590607e+36, 9.664876131813901e+36, 1.1784096555718282e+37, 1.3973213421155006e+37, 7.471302014015949e+36, 1.0368031126281906e+37, 1.3810083114507048e+37, 2.1384361738122956e+37, 4.0700176477012386e+37, 3.9228011355162135e+35, 5.882965375625159e+35, 8.592040042247471e+35, 1.5980718163568852e+36, 2.3555715063995806e+36, 3.558740266682487e+36, 5.962059314159263e+36, 9.963141361855275e+36, 1.4862651424110872e+37, 2.356113959232985e+37, 3.7221707531284253e+37, 6.079897985875999e+37, 9.364752249843374e+37, 1.493125430606545e+38, 2.4204509844109987e+38, 3.745383495138278e+38, 5.8680835989733006e+38, 9.416647041817259e+38, 1.497946464722424e+39, 2.3485309740957563e+39, 3.670255450974079e+39, 5.783573942099165e+39, 9.136845733406423e+39, 1.4397805167126627e+40, 2.2284161247559896e+40, 3.4761322615924014e+40, 5.356687268459742e+40, 8.231828092155007e+40, 1.2676410437071197e+41, 1.9266210115058646e+41, 2.911362557629581e+41, 4.408555294714442e+41, 6.5478133694946476e+41, 9.638207952584007e+41, 1.4011876226706216e+42, 2.0183491325587297e+42, 2.866792716038976e+42, 4.0263942051062485e+42, 5.5712967624367334e+42, 7.638292625870287e+42, 1.0282205805908444e+43, 1.377197711432095e+43, 1.830780560352206e+43, 2.4016310640288837e+43, 3.1308069724413336e+43, 4.0457057464643257e+43, 5.179004547317845e+43, 6.575310899639219e+43, 8.342885674633643e+43, 1.037041872854573e+44, 1.2848910154547994e+44, 1.5703855569376126e+44, 1.9050057564440337e+44, 2.2707341546981285e+44, 2.662786168148324e+44, 3.077770922795016e+44, 3.4937859365579235e+44, 3.887642241495224e+44, 4.2052933105990695e+44, 4.430944316875747e+44, 4.561380402638943e+44, 4.5561319412166305e+44, 4.3994287881987295e+44, 4.097286118636948e+44, 3.561937479921743e+44, 2.7475543517874484e+44, 1.9245371211720892e+44, 1.3482992481372565e+44, 9.205476895938508e+43, 5.819240313393844e+43, 3.4568958269693327e+43, 2.122981904121369e+43, 1.4995684423522696e+43, 1.9253792733680947e+43, 1.1235600592670064e+43, 1.1243105666812912e+43, 4.0167637807554156e+42, 2.6145460312141163e+42, 1.670691612684768e+42, 9.530074426586985e+41, 4.4411586984360635e+41, 1.819266373732209e+41, 1.2470856799746577e+41, 9.094865740537934e+40, 6.549321232832801e+40, 4.640836758161548e+40, 3.2620926546878897e+40, 2.285053077350174e+40, 1.5765084117257574e+40, 1.0670783101137571e+40, 7.012878139028566e+39, 4.366126278326485e+39, 2.4848277718919483e+39, 1.223760108942998e+39, 4.647252742068724e+38, 1.0771998700346037e+38, 7.194428359504354e+36, 6.210067093877188e+34, 22018934134008.074, 
6, 47.0, 12.40612417186194, 3.942723235997242e+29, 1.8272429390956133e+30, 1.18712456628104e+33, 6.060330266801068e+33, 1.044711300273899e+34, 1.939082524209757e+34, 2.038901720489849e+34, 3.6888949882229457e+34, 7.138324594455068e+34, 1.44177102168116e+35, 1.58378524392641e+35, 2.707050093195908e+35, 4.241273630351048e+35, 8.018558322047409e+35, 1.0064594740562928e+36, 1.599544372926899e+36, 2.838548325327232e+36, 4.219842991076156e+36, 6.734359434071523e+36, 1.096216393115077e+37, 1.7603389251873573e+37, 2.772657926777386e+37, 4.48844897379791e+37, 6.745222691421376e+37, 1.1316087380780297e+38, 1.777036271336568e+38, 2.88599977129589e+38, 4.5164404913728635e+38, 7.22430864873584e+38, 1.1277070418303405e+39, 1.7885302600028862e+39, 2.8575661476584183e+39, 4.550889518831818e+39, 7.125187418116288e+39, 1.1287461768657643e+40, 1.79761338155869e+40, 2.8274588453862217e+40, 4.46248009908731e+40, 7.102909681409169e+40, 1.1207178583038257e+41, 1.7565329152365565e+41, 2.7347415704569448e+41, 4.246257161557182e+41, 6.479720786097936e+41, 9.754528733345485e+41, 1.4279279429676803e+42, 2.070219010570193e+42, 2.9402637685141975e+42, 4.109569148153895e+42, 5.691100990016279e+42, 7.769557629374454e+42, 1.0577822919624607e+43, 1.4328353656109567e+43, 1.9151213256247868e+43, 2.556797260708122e+43, 3.3759522272534393e+43, 4.413633754401511e+43, 5.68324387218932e+43, 7.182841651351081e+43, 8.859236436338479e+43, 1.053892447740638e+44, 1.2008708208970932e+44, 1.3508162994133546e+44, 1.5495168109920821e+44, 1.7766271407184688e+44, 2.0525620377460534e+44, 2.390541526727502e+44, 2.9586683936637477e+44, 3.5099125197186807e+44, 5.45878880654858e+44, 5.322262520872524e+44, 6.332807579849259e+44, 4.026208787070185e+44, 3.850315275736048e+44, 3.3319332493926658e+44, 2.390541526727502e+44, 1.1256316407931673e+44, 2.15722921056305e+43, 1.757099245824195e+43, 1.9957047561901855e+43, 2.218688295743402e+43, 2.407111968967263e+43, 2.541536155807807e+43, 2.6007361378662953e+43, 2.5674162894674116e+43, 2.42491372897274e+43, 2.1721824090881125e+43, 1.8293478417188833e+43, 1.435146685561871e+43, 1.0425485590011703e+43, 6.972624737133611e+42, 4.206261726656675e+42, 2.1824599980643412e+42, 8.72843319597898e+41, 2.0741315245103615e+41, 1.2837968103961564e+40, 1.4298691373511293e+38, 1.8314551690963873e+35, 2.4734110253267705e+35, 3.30214616146975e+35, 4.357087607545757e+35, 5.681935407575659e+35, 7.323122387637702e+35, 9.332463334528164e+35, 1.1746170279407427e+36, 1.4621646916117075e+36, 1.7992698073640048e+36, 2.1867356857606905e+36, 2.621176661031547e+36, 3.103818321130094e+36, 3.6182310176322753e+36, 4.154285046306852e+36, 4.6891733958675336e+36, 5.1999155724288446e+36, 5.648020863929838e+36, 5.999240774625764e+36, 6.22868391369588e+36, 6.309519578944377e+36, 6.202921603982642e+36, 9.767789512002857e+26, 
6, 47.0, 13.40612417186194, 3.942723235997242e+26, 4.2208147577072396e+35, 1.9516246388057446e+36, 4.057852833070085e+36, 6.283422926780496e+36, 9.455756769948558e+36, 1.448425934346707e+37, 2.219199226423791e+37, 3.3112829456220116e+37, 4.911298067559413e+37, 7.112074419075674e+37, 1.001835212820403e+38, 1.377514859435753e+38, 1.7877068010028726e+38, 2.154747037779525e+38, 1.983792720729915e+38, 1.4780743904331331e+38, 2.0160267593681797e+38, 2.8813518360591403e+38, 4.945341559396242e+38, 4.527894428168474e+38, 2.887329129378761e+37, 4.611012423458666e+37, 6.971019415782271e+37, 1.1662624484242298e+38, 1.8247202526951882e+38, 2.9613946832691267e+38, 4.651534991769777e+38, 7.467862144407451e+38, 1.1676059309106498e+39, 1.8475503907923573e+39, 2.9396545129681445e+39, 4.709733055867034e+39, 7.370488829776927e+39, 1.1654571010549023e+40, 1.858644335003251e+40, 2.919418073641688e+40, 4.607828348784755e+40, 7.34507597492427e+40, 1.1598352194032021e+41, 1.8192663737322087e+41, 2.835935129309344e+41, 4.4118048353274664e+41, 6.766222770222302e+41, 1.0229544415538804e+42, 1.5050339349129576e+42, 2.193594216143381e+42, 3.126988559637831e+42, 4.3787111022592847e+42, 6.063819877628178e+42, 8.244727237552979e+42, 1.1154145166225643e+43, 1.4977050437351959e+43, 1.9867183008372148e+43, 2.6235315563301814e+43, 3.4395869484216124e+43, 4.495689332258339e+43, 5.829030024867487e+43, 7.521358549258783e+43, 9.655978550048013e+43, 1.2339463916480886e+44, 1.5634942642089073e+44, 1.9819664212824604e+44, 2.5112866754210927e+44, 3.1542513117565777e+44, 3.949992693959094e+44, 4.9214864342706624e+44, 6.053357068601377e+44, 7.363703483940823e+44, 8.794199070684114e+44, 1.0002217458917494e+45, 1.0871670777138542e+45, 1.1518509699131345e+45, 1.233946391648088e+45, 1.2959740107191876e+45, 1.3378157123562658e+45, 1.3771977114320953e+45, 1.528608577935117e+45, 1.5272013255684324e+45, 2.583427583927561e+45, 1.7490261081176853e+45, 2.2454133083607178e+45, 9.120030533706296e+44, 6.616012123103264e+44, 4.42380823099406e+44, 2.460346599588117e+44, 9.770038887614036e+43, 2.539605695256219e+43, 1.7928183651313625e+43, 1.5039600229405544e+43, 1.2555565914017706e+43, 1.054038058421223e+43, 8.887432030455139e+42, 7.463220832530474e+42, 6.148176014983608e+42, 4.875849503394597e+42, 3.5971727296174857e+42, 2.3654637245875144e+42, 1.3191867857391517e+42, 5.563092642621069e+41, 1.344609862282795e+41, 8.542722367811728e+39, 9.75430412960683e+37, 1.9453434737663638e+34, 2.555031697604728e+34, 3.3403832119059946e+34, 4.3420647186291445e+34, 5.611723861162295e+34, 7.202716021097053e+34, 9.202297985867257e+34, 1.1614386983640997e+35, 1.4524336173733035e+35, 1.792653248061722e+35, 2.180199784305907e+35, 2.600736137866297e+35, 3.031770287147096e+35, 3.4585677884971295e+35, 3.840575369359895e+35, 4.145684925176756e+35, 2.2069693019408614e+18, 
6, 47.0, 14.40612417186194, 3.942723235997242e+22, 1.9851635496068298e+30, 7.627747220813599e+35, 2.2263646225527523e+36, 3.533428375377166e+36, 5.32839353065903e+36, 7.98907121208786e+36, 1.2542851841737167e+37, 1.8702354828301588e+37, 2.795736859715524e+37, 4.103895488685947e+37, 5.850544572020447e+37, 8.128235768974137e+37, 1.1043234448002053e+38, 1.346778864860119e+38, 1.5988079251075533e+38, 8.663558102236682e+37, 1.203361997797343e+38, 1.609519683928109e+38, 2.4962972157649325e+38, 4.731472195920144e+38, 2.0216049501704098e+37, 3.2032902536080082e+37, 4.813891442674231e+37, 8.220463253723073e+37, 1.2705632581101827e+38, 2.061086849487684e+38, 3.2500967720187397e+38, 5.235959665234263e+38, 8.156358238572857e+38, 1.2873489773137856e+39, 2.0454849683214885e+39, 3.296828017770137e+39, 5.136842999786373e+39, 8.135725599444663e+39, 1.301656203033096e+40, 2.0393712490150125e+40, 3.2158537691019947e+40, 5.133295819645131e+40, 8.115145153438064e+40, 1.272026890491956e+41, 1.98607796174114e+41, 3.1052480114627146e+41, 4.805032089205306e+41, 7.35692438476205e+41, 1.1002624520955434e+42, 1.6364257033310396e+42, 2.3861420398218208e+42, 3.424493075186029e+42, 4.868736741386976e+42, 6.792447530897457e+42, 9.414045485519561e+42, 1.2929338100335384e+43, 1.7495094486638323e+43, 2.350803303500117e+43, 3.1267005666108687e+43, 4.1355787236524814e+43, 5.412105979584554e+43, 7.043301708690457e+43, 9.092353083417097e+43, 1.1692201529255656e+44, 1.4872579269086966e+44, 1.8940711642828526e+44, 2.4074999808460692e+44, 3.0377098704276183e+44, 3.830595484126236e+44, 4.809459725998387e+44, 6.010301969136203e+44, 7.479908621748334e+44, 9.334612461041502e+44, 1.1452394305286189e+45, 1.4037710843822315e+45, 1.7041047709709752e+45, 2.0568200270699513e+45, 2.447351179452713e+45, 2.8714171658248686e+45, 3.3280994268263576e+45, 3.79311746699791e+45, 4.213046886264627e+45, 4.48844897379791e+45, 4.491550555632314e+45, 4.0709549117999984e+45, 3.415830345110835e+45, 2.7880226158247947e+45, 2.146823261423954e+45, 1.4872921726822834e+45, 9.371223426330245e+44, 5.9442394046024436e+44, 4.242250332137339e+44, 5.830372363168152e+44, 3.393019005909076e+44, 3.757909286831011e+44, 1.3923431814412811e+44, 9.585754284240843e+43, 6.359109339027004e+43, 3.6228244688550284e+43, 1.6327372172504943e+43, 6.692930146592414e+42, 5.229814590314646e+42, 4.3220152241903613e+42, 3.449818861709801e+42, 2.6308512430167844e+42, 1.9279523339216807e+42, 1.384191864396156e+42, 9.63155241340401e+41, 6.44163766137097e+41, 4.080339432076091e+41, 2.417665940741119e+41, 1.3191564106905824e+41, 6.185805955232693e+40, 2.2940152061205933e+40, 5.391334677601468e+39, 3.9994133536753964e+38, 4.4289042613855564e+36, 1.5388500122942647e+34, 1.9683226604070155e+34, 2.479112826604653e+34, 3.054895032855733e+34, 3.6668765770463363e+34, 220696930194086.16, 
